Reporting Area,Year,Week,Chlamydia,Dengue,Giardiasis,Gonorrhea,Haemophilus,HepatitisA,HepatitisB,HepatitisC,Legionellosis,Lyme disease,Malaria,Syphilis,chickenpox
United States,2006,1,3770,,89,1561,15,44,10,,8,14,4,18,211
United States,2006,2,7070,,107,2770,13,22,22,,11,17,4,52,614
United States,2006,3,9379,,115,3450,13,21,25,,13,22,18,83,475
United States,2006,4,11315,,166,4030,29,29,71,,10,22,15,85,813
United States,2006,5,11824,,144,3873,29,42,32,,19,35,11,90,703
United States,2006,6,10053,,131,3370,20,19,19,,11,33,6,77,776
United States,2006,7,8696,,177,3266,20,46,25,,16,31,9,80,692
United States,2006,8,8326,,153,2968,21,31,35,,15,23,20,71,452
United States,2006,9,13035,,169,4884,36,44,95,,19,39,5,85,916
United States,2006,10,11477,,220,4087,23,43,100,,15,144,17,59,901
United States,2006,11,12019,,112,3943,35,9,31,,17,103,3,90,790
United States,2006,12,12726,,159,3730,27,42,61,,19,86,12,130,755
United States,2006,13,12484,,212,4344,32,52,41,,16,62,8,74,901
United States,2006,14,11670,,187,3562,27,44,36,,18,147,11,76,811
United States,2006,15,9089,,135,2632,20,38,49,,14,13,5,71,1082
United States,2006,16,11215,,162,3688,21,50,48,,19,41,7,62,455
United States,2006,17,11690,,147,4031,33,63,57,,15,26,8,80,777
United States,2006,18,9731,,203,2572,26,47,32,,10,90,24,69,897
United States,2006,19,10401,,134,3555,16,33,40,,16,33,10,78,687
United States,2006,20,10749,,203,3910,30,23,39,,13,65,12,82,915
United States,2006,21,8614,,258,3203,33,49,43,,19,87,9,72,875
United States,2006,22,8743,,128,3123,14,26,47,,26,63,9,60,653
United States,2006,23,10577,,175,3829,33,38,50,,25,72,18,98,652
United States,2006,24,8826,,148,2741,35,20,51,,25,105,11,74,562
United States,2006,25,10737,,144,3921,19,32,55,,37,179,20,103,506
United States,2006,26,3830,,169,1431,12,18,33,,12,349,12,37,171
United States,2006,27,6717,,136,2480,28,32,38,,34,310,13,57,207
United States,2006,28,11186,,271,3875,33,29,64,,76,358,11,106,342
United States,2006,29,9550,,156,3469,30,21,43,,26,426,13,65,106
United States,2006,30,11416,,222,3972,34,27,27,,53,474,18,114,115
United States,2006,31,11538,,212,3834,30,35,28,,39,423,23,120,163
United States,2006,32,11595,,268,4109,23,31,53,,47,531,20,86,150
United States,2006,33,11916,,263,4149,29,34,42,,56,461,19,104,557
United States,2006,34,10841,,277,3689,19,47,56,,28,317,18,109,181
United States,2006,35,9450,,283,3183,14,53,32,,33,253,12,68,127
United States,2006,36,8008,,224,3361,17,20,22,,29,132,13,86,160
United States,2006,37,12409,,291,4745,24,30,42,,51,249,11,110,262
United States,2006,38,11657,,227,3912,14,39,27,,38,441,18,96,271
United States,2006,39,13082,,325,4514,22,28,44,,43,235,16,120,323
United States,2006,40,10833,,297,3548,14,17,45,,37,101,13,79,442
United States,2006,41,11448,,224,3909,19,34,42,,63,131,10,96,441
United States,2006,42,13169,,236,4741,34,51,39,,42,156,4,109,518
United States,2006,43,11145,,237,3552,22,43,48,,46,256,12,98,444
United States,2006,44,10427,,247,3688,29,43,46,,36,331,23,106,562
United States,2006,45,10236,,183,3524,13,12,24,,31,125,12,88,469
United States,2006,46,8434,,208,2857,22,35,56,,24,171,4,62,695
United States,2006,47,6193,,138,1893,19,23,17,,23,152,7,44,570
United States,2006,48,11826,,191,4210,29,37,32,,28,252,13,97,940
United States,2006,49,11832,,198,3910,23,35,54,,24,154,8,108,850
United States,2006,50,10779,,199,3404,20,15,21,,21,142,6,96,668
United States,2006,51,8135,,165,2277,22,34,44,,15,114,10,63,382
United States,2006,52,5900,,149,1856,25,16,31,,28,73,5,45,213
United States,2007,1,6694,,67,2308,15,6,10,,6,19,6,42,203
United States,2007,2,7104,,78,2430,28,10,15,,16,27,3,65,562
United States,2007,3,8105,,71,3096,39,9,15,,12,113,7,61,354
United States,2007,4,13385,,176,4603,29,19,29,,20,36,8,125,427
United States,2007,5,11361,,168,3268,44,31,32,,20,47,11,95,500
United States,2007,6,9736,,166,3099,30,19,43,,11,37,5,106,1052
United States,2007,7,7547,,126,2364,39,20,23,,25,85,3,68,684
United States,2007,8,9125,,144,2780,28,28,31,,15,49,4,63,573
United States,2007,9,10629,,127,3436,22,42,34,,13,95,5,98,383
United States,2007,10,10372,,123,3334,34,25,31,,18,33,8,68,775
United States,2007,11,9994,,169,2821,29,33,37,,18,42,3,79,619
United States,2007,12,8537,,116,3323,23,18,35,,17,30,1,99,972
United States,2007,13,12198,,163,3097,33,23,58,,18,57,7,103,820
United States,2007,14,10216,,155,3052,43,42,37,,9,53,6,91,557
United States,2007,15,3052,,147,2764,35,27,18,,10,42,5,84,830
United States,2007,16,10581,,152,3601,34,31,53,,14,36,10,117,983
United States,2007,17,10876,,139,3316,33,28,33,,18,41,9,91,653
United States,2007,18,11755,,132,3430,31,23,28,,10,86,5,79,659
United States,2007,19,11098,,143,3465,25,23,46,,10,77,7,99,814
United States,2007,20,10619,,170,2747,71,24,47,,15,81,10,89,783
United States,2007,21,8574,,122,2958,22,17,16,,10,36,8,72,437
United States,2007,22,6567,,83,1956,20,27,47,,15,44,9,55,560
United States,2007,23,9475,,103,2688,18,20,35,,23,168,9,89,555
United States,2007,24,10193,,128,3110,25,29,35,,18,207,14,125,238
United States,2007,25,10775,,132,3964,22,28,29,,31,248,9,107,184
United States,2007,26,8556,,141,2440,24,34,26,,28,296,8,83,137
United States,2007,27,10312,,190,3040,32,22,30,,24,225,5,88,151
United States,2007,28,10867,,150,3383,15,35,41,,43,511,13,119,104
United States,2007,29,11992,,184,4264,25,27,43,,25,583,13,117,126
United States,2007,30,11895,,219,3851,28,35,34,,19,462,13,109,149
United States,2007,31,10680,,212,3591,25,23,26,,24,398,24,131,120
United States,2007,32,13635,,220,4373,23,24,47,,48,381,13,114,77
United States,2007,33,12454,,233,4049,18,36,33,,30,372,17,136,116
United States,2007,34,12350,,245,4808,19,35,44,,46,297,20,150,148
United States,2007,35,11658,,270,3625,12,33,31,,39,237,7,95,186
United States,2007,36,8796,,247,2979,12,28,48,,48,307,11,82,137
United States,2007,37,14544,,305,4571,26,41,33,,38,355,11,153,365
United States,2007,38,11908,,267,4272,30,36,39,,36,351,18,146,240
United States,2007,39,10877,,290,3476,18,41,44,,39,229,12,136,205
United States,2007,40,11779,,230,3959,15,20,37,,14,59,7,136,386
United States,2007,41,11326,,301,3589,12,26,33,,30,120,9,99,374
United States,2007,42,11374,,222,3241,25,26,53,,37,271,15,101,272
United States,2007,43,9474,,243,3390,15,35,51,,32,217,10,133,356
United States,2007,44,10911,,212,3730,26,24,65,,26,219,17,131,333
United States,2007,45,10469,,205,3338,27,15,39,,37,234,13,155,447
United States,2007,46,7638,,338,2944,15,15,28,,34,211,7,67,505
United States,2007,47,7666,,140,2361,19,15,30,,14,136,11,61,251
United States,2007,48,12126,,228,4111,18,29,37,,33,183,18,157,621
United States,2007,49,11636,,187,3947,33,54,47,,36,159,10,146,596
United States,2007,50,11982,,164,3703,15,35,50,,25,142,7,239,414
United States,2007,51,5673,,140,1528,28,15,24,,32,61,11,53,420
United States,2007,52,4787,,164,1358,31,18,25,,30,50,8,30,160
United States,2008,1,7252,,70,2161,27,21,15,,18,37,5,86,255
United States,2008,2,10893,,114,3639,42,26,34,,32,114,9,102,346
United States,2008,3,9933,,142,2925,46,25,43,,29,131,10,103,363
United States,2008,4,10724,,117,2740,41,26,29,,30,153,9,90,323
United States,2008,5,9928,,166,2755,33,33,22,,45,166,16,133,433
United States,2008,6,11380,,188,3000,44,33,46,,35,255,10,85,487
United States,2008,7,9558,,130,2428,21,22,32,,8,28,4,96,464
United States,2008,8,8096,,166,2423,30,27,31,,17,34,5,72,454
United States,2008,9,8153,,181,3108,37,20,31,,26,57,4,85,495
United States,2008,10,7516,,160,2256,33,25,37,,15,44,1,108,606
United States,2008,11,10692,,162,2636,24,23,38,,23,28,8,105,698
United States,2008,12,12464,,137,3053,24,18,32,,11,41,1,100,441
United States,2008,13,12081,,157,3301,37,20,24,,17,29,4,129,414
United States,2008,14,13074,,172,3492,29,26,34,,16,41,7,120,749
United States,2008,15,12028,,165,3477,37,28,36,,16,52,6,109,525
United States,2008,16,13333,,180,3494,33,22,35,,20,96,6,96,582
United States,2008,17,11657,,136,2975,24,32,34,,14,13,9,111,453
United States,2008,18,12011,,241,3120,18,31,27,,16,64,9,131,400
United States,2008,19,11700,,155,3274,41,34,36,,20,54,4,94,601
United States,2008,20,11167,,181,2843,31,31,60,,28,102,14,103,541
United States,2008,21,9710,,146,2453,46,20,28,,20,77,6,72,491
United States,2008,22,9303,,138,2580,20,21,32,,33,75,8,75,462
United States,2008,23,12919,,149,3509,30,21,36,,33,83,14,78,598
United States,2008,24,12429,,194,3413,31,15,39,,22,190,12,145,374
United States,2008,25,12583,,192,3494,35,34,40,,56,312,10,123,218
United States,2008,26,11074,,172,3236,20,33,29,,38,284,15,112,284
United States,2008,27,9129,,136,2743,21,26,12,,28,255,14,70,138
United States,2008,28,11177,,160,3406,36,47,38,,54,447,27,111,120
United States,2008,29,9695,,259,2978,17,24,32,,61,545,9,116,187
United States,2008,30,10721,,208,3000,18,21,48,,69,670,15,90,121
United States,2008,31,11899,,288,3202,24,26,39,,61,571,14,120,126
United States,2008,32,9944,,316,2837,17,19,21,,61,574,9,125,85
United States,2008,33,12545,,253,3530,26,27,31,,53,541,13,122,131
United States,2008,34,10724,,231,3075,21,30,37,,43,350,15,101,108
United States,2008,35,7373,,170,2037,25,21,31,,41,216,20,75,120
United States,2008,36,11188,,227,2991,6,27,21,,42,222,11,134,121
United States,2008,37,12300,,384,3516,20,18,39,,49,452,15,100,246
United States,2008,38,13287,,259,3639,21,30,51,,47,244,16,122,208
United States,2008,39,13710,,266,3878,22,35,37,,51,403,13,121,268
United States,2008,40,9961,,225,2697,18,29,25,,53,268,15,115,233
United States,2008,41,13564,,186,3523,18,20,34,,26,255,5,160,148
United States,2008,42,12915,,259,3635,20,35,22,,19,62,3,112,168
United States,2008,43,13964,,232,3649,24,25,36,,50,487,16,138,328
United States,2008,44,11950,,184,2865,11,20,30,,31,222,7,124,187
United States,2008,45,8748,,252,1961,21,20,33,,22,236,10,77,297
United States,2008,46,12689,,195,2986,27,17,21,,29,244,7,88,269
United States,2008,47,9661,,246,1975,25,14,32,,31,400,7,83,383
United States,2008,48,7763,,196,1857,26,10,22,,21,286,8,78,189
United States,2008,49,12903,,184,3361,26,13,34,,30,355,12,78,366
United States,2008,50,12426,,190,3090,27,20,32,,30,419,10,133,513
United States,2008,51,6382,,130,1556,27,11,28,,31,391,11,44,348
United States,2008,52,4487,,99,1068,12,7,22,,15,186,9,25,194
United States,2008,53,7228,,101,1636,24,9,28,,4,16,2,52,77
United States,2009,1,8115,,84,2302,30,12,66,,20,56,5,97,173
United States,2009,2,7711,,111,1932,19,17,26,,27,15,4,82,190
United States,2009,3,9437,,129,2100,30,14,14,,27,37,9,93,251
United States,2009,4,12757,,161,2705,32,34,33,,20,42,13,112,306
United States,2009,5,11322,,160,2558,36,21,26,,13,70,15,94,330
United States,2009,6,8775,,215,1878,30,29,35,,12,42,11,66,313
United States,2009,7,11765,,115,2645,24,13,34,,24,48,7,101,215
United States,2009,8,11517,,195,2591,20,12,40,,13,51,5,110,288
United States,2009,9,11880,,151,2783,33,20,46,,22,47,5,106,191
United States,2009,10,12587,,176,2775,30,19,28,,17,65,11,116,225
United States,2009,11,10774,,176,2256,34,14,37,,12,66,10,95,191
United States,2009,12,11829,,175,2462,26,25,30,,17,96,11,108,249
United States,2009,13,13812,,155,2984,26,27,34,,13,95,13,116,171
United States,2009,14,11298,,203,2327,41,22,24,,17,77,8,74,217
United States,2009,15,11866,,225,2454,26,21,37,,14,100,7,106,218
United States,2009,16,11510,,240,3405,22,29,27,,10,103,8,96,210
United States,2009,17,8836,,146,1956,19,9,19,,12,101,2,89,122
United States,2009,18,11735,,203,2274,30,17,28,,18,121,3,95,265
United States,2009,19,10574,,136,2212,27,21,33,,22,106,12,106,214
United States,2009,20,8356,,162,1977,43,15,33,,16,119,12,72,221
United States,2009,21,9260,,204,1981,23,26,23,,27,101,6,80,149
United States,2009,22,9911,,167,2798,25,10,36,,24,108,10,97,160
United States,2009,23,11677,,170,2587,24,21,27,,22,145,9,76,93
United States,2009,24,8223,,139,1583,17,15,6,,34,223,4,68,51
United States,2009,25,12578,,147,2972,30,13,21,,34,232,9,89,58
United States,2009,26,10176,,189,2584,22,16,16,,45,431,8,77,101
United States,2009,27,12097,,258,2833,33,18,21,,64,439,20,134,52
United States,2009,28,9509,,268,2142,23,24,41,,53,549,10,101,57
United States,2009,29,13927,,269,3238,36,23,45,,47,582,18,124,59
United States,2009,30,11145,,222,2857,14,21,19,,43,578,25,121,49
United States,2009,31,13102,,243,3246,33,16,32,,56,538,16,119,43
United States,2009,32,11928,,290,3093,22,26,38,,96,472,24,113,53
United States,2009,33,14167,,255,3446,25,16,25,,47,359,19,161,44
United States,2009,34,12719,,210,3125,23,22,20,,51,308,11,117,52
United States,2009,35,11558,,219,2989,25,22,31,,48,410,12,102,60
United States,2009,36,9302,,235,2130,20,17,23,,41,187,6,80,74
United States,2009,37,12662,,233,3072,25,21,37,,48,247,11,135,101
United States,2009,38,13167,,267,3693,10,14,17,,51,272,6,137,134
United States,2009,39,13358,,307,3091,23,25,31,,37,357,23,103,188
United States,2009,40,11408,,232,2749,12,7,27,,29,253,10,108,118
United States,2009,41,9302,,188,2240,20,10,22,,35,181,5,95,94
United States,2009,42,10351,,200,2459,16,14,34,,47,218,9,83,119
United States,2009,43,11243,,195,2490,22,13,37,,38,230,8,100,99
United States,2009,44,10434,,304,2291,26,28,34,,44,169,14,88,94
United States,2009,45,10101,,174,2261,21,9,28,,25,230,2,66,109
United States,2009,46,8184,,142,2025,19,13,23,,39,191,7,103,64
United States,2009,47,6902,,203,1453,17,10,14,,21,153,7,81,65
United States,2009,48,13457,,249,3208,33,20,33,,28,265,17,112,58
United States,2009,49,13340,,186,3214,37,21,33,,31,191,21,124,171
United States,2009,50,9779,,188,2181,34,20,42,,26,189,11,78,103
United States,2009,51,5332,,177,1158,30,22,22,,20,174,6,47,57
United States,2009,52,7279,,150,1584,48,19,22,,33,157,12,64,40
United States,2010,1,8474,0,93,2171,22,8,17,2,14,26,7,71,87
United States,2010,2,7937,0,128,2150,26,10,22,6,22,26,7,83,93
United States,2010,3,9266,0,154,2090,25,8,20,4,22,39,13,75,102
United States,2010,4,10965,0,182,2613,28,16,31,6,24,83,14,103,106
United States,2010,5,9713,0,191,2254,35,26,25,9,17,58,12,90,124
United States,2010,6,7555,0,171,1630,26,20,21,4,14,42,15,65,108
United States,2010,7,9345,0,170,2130,18,11,29,5,26,44,22,81,128
United States,2010,8,11417,0,204,2504,33,17,27,12,17,51,10,78,119
United States,2010,9,9521,0,154,2031,25,21,25,9,19,54,6,72,195
United States,2010,10,11791,0,182,2572,22,10,26,4,18,46,10,86,206
United States,2010,11,10590,0,234,2357,22,25,24,10,15,63,13,81,219
United States,2010,12,10241,0,194,2167,31,20,37,9,24,78,9,77,149
United States,2010,13,8689,0,186,1819,32,10,26,7,21,60,7,91,153
United States,2010,14,9426,0,247,2240,30,10,31,8,23,76,7,71,164
United States,2010,15,11680,0,149,2424,38,10,24,7,16,88,9,72,242
United States,2010,16,10630,0,171,2131,27,10,39,7,14,90,12,74,244
United States,2010,17,9399,0,208,2169,22,14,33,12,13,66,10,75,224
United States,2010,18,8799,0,278,1947,21,22,26,6,21,90,9,42,316
United States,2010,19,9924,0,206,2165,27,19,23,14,26,107,13,63,181
United States,2010,20,10705,0,193,2305,19,22,25,9,29,138,13,64,265
United States,2010,21,8769,0,183,1980,22,13,26,7,37,125,6,47,322
United States,2010,22,8828,0,138,2052,22,12,13,6,30,110,7,69,230
United States,2010,23,13156,0,172,3045,23,17,27,9,36,256,12,107,139
United States,2010,24,12632,0,201,2905,37,22,40,8,38,193,16,61,140
United States,2010,25,11947,0,203,2685,25,8,26,7,52,259,12,71,120
United States,2010,26,10018,0,200,2351,27,14,30,9,60,374,13,84,63
United States,2010,27,9106,0,147,2088,25,14,16,8,35,203,8,55,44
United States,2010,28,11253,0,222,2830,23,11,30,4,35,455,11,87,70
United States,2010,29,11294,0,237,2697,24,14,36,12,32,407,18,84,89
United States,2010,30,11017,0,246,2567,19,15,35,16,41,326,21,84,64
United States,2010,31,12015,0,230,2879,19,26,38,6,33,308,22,81,62
United States,2010,32,13225,0,227,3258,18,25,35,9,54,255,49,100,61
United States,2010,33,11450,0,243,2762,14,15,26,9,52,312,20,109,84
United States,2010,34,13226,0,273,3097,23,20,46,9,40,245,22,99,87
United States,2010,35,11373,0,241,2953,20,20,34,11,39,196,20,87,94
United States,2010,36,10836,0,223,2594,11,20,31,7,41,220,18,70,102
United States,2010,37,11327,0,274,2872,20,22,41,15,34,265,25,71,140
United States,2010,38,13553,0,244,3255,33,29,33,7,31,191,16,112,175
United States,2010,39,13350,0,251,3126,21,14,26,26,45,199,24,113,154
United States,2010,40,13257,0,229,3002,17,24,45,45,35,186,20,83,146
United States,2010,41,11466,0,233,2933,17,21,31,5,46,249,21,98,127
United States,2010,42,14906,0,263,3549,41,24,41,5,72,150,21,79,210
United States,2010,43,13084,0,192,3026,19,14,25,4,51,111,4,103,152
United States,2010,44,9957,0,221,2076,22,21,28,5,24,127,14,67,184
United States,2010,45,10790,0,178,2334,23,16,32,13,24,86,15,50,116
United States,2010,46,9338,0,206,2101,35,20,27,11,51,106,11,53,173
United States,2010,47,7620,0,121,1849,24,15,17,4,23,67,11,46,100
United States,2010,48,11987,0,200,2918,45,23,23,7,41,130,16,79,261
United States,2010,49,12825,0,219,2956,41,15,26,5,29,88,17,89,181
United States,2010,50,10376,0,195,2582,34,13,35,5,25,102,14,43,177
United States,2010,51,7158,0,153,1750,15,7,23,3,21,103,8,29,96
United States,2010,52,7549,0,150,1974,20,16,19,2,21,61,13,48,82
United States,2011,1,9393,0,132,2253,30,6,17,6,20,35,7,40,62
United States,2011,2,9996,0,134,2452,32,19,10,0,28,28,15,40,135
United States,2011,3,10001,0,99,2494,36,13,7,3,14,25,8,53,101
United States,2011,4,11722,0,140,2775,35,15,34,4,19,42,12,51,133
United States,2011,5,11345,0,164,2593,26,18,24,4,21,33,10,66,83
United States,2011,6,13224,0,175,2948,27,12,17,5,23,36,12,76,151
United States,2011,7,12957,0,136,2952,30,19,15,7,23,41,5,107,123
United States,2011,8,9568,0,126,2255,24,9,27,14,23,33,7,78,136
United States,2011,9,12853,0,160,2577,19,14,20,5,26,34,5,59,139
United States,2011,10,14855,0,168,2630,24,16,24,11,29,49,8,68,188
United States,2011,11,12076,0,164,2588,31,11,14,7,19,37,9,67,127
United States,2011,12,14057,0,163,2893,32,14,20,7,23,79,11,80,139
United States,2011,13,10728,0,172,2147,30,12,23,13,21,45,7,51,163
United States,2011,14,11485,0,180,2389,38,19,25,13,21,49,7,44,127
United States,2011,15,13325,0,202,2639,19,9,19,11,21,72,12,92,140
United States,2011,16,11427,0,130,2406,27,11,12,9,19,48,5,32,124
United States,2011,17,13968,0,114,3033,22,6,16,10,15,52,10,92,157
United States,2011,18,10421,0,154,2103,31,14,14,7,15,40,7,68,143
United States,2011,19,13912,0,147,3188,36,19,18,12,24,125,15,68,175
United States,2011,20,15504,0,134,3465,43,12,9,8,18,154,16,82,172
United States,2011,21,12439,0,137,2791,40,14,18,12,23,177,12,72,130
United States,2011,22,10175,0,123,2170,37,4,20,2,26,147,8,53,148
United States,2011,23,12819,0,147,3044,36,12,24,6,38,233,15,69,148
United States,2011,24,11452,0,143,2673,31,12,15,11,17,283,13,55,93
United States,2011,25,11651,0,144,2710,18,12,29,7,23,361,14,55,67
United States,2011,26,9778,0,124,2123,22,7,17,10,24,586,15,58,156
United States,2011,27,8596,0,141,2030,28,11,13,9,34,469,10,40,42
United States,2011,28,10304,0,161,2337,31,10,12,10,63,697,21,45,74
United States,2011,29,10538,0,178,2419,20,9,27,4,53,767,13,58,74
United States,2011,30,10173,0,187,2427,17,13,19,13,39,528,11,78,81
United States,2011,31,11464,0,236,2651,26,5,20,15,35,461,22,122,57
United States,2011,32,12020,0,232,3003,16,9,22,11,35,491,15,96,99
United States,2011,33,12479,0,191,3070,25,13,11,10,47,249,17,76,58
United States,2011,34,13958,0,240,3192,19,24,43,17,50,425,20,93,100
United States,2011,35,12431,0,178,3039,20,11,14,5,62,259,19,99,74
United States,2011,36,10093,0,199,2490,18,11,24,18,60,280,15,62,113
United States,2011,37,13239,0,228,3366,25,15,30,9,62,372,18,86,75
United States,2011,38,13595,0,245,3476,12,14,73,10,86,372,19,112,130
United States,2011,39,12763,0,199,3130,20,11,24,15,68,324,16,79,166
United States,2011,40,12573,0,216,3093,25,13,20,8,75,356,10,76,185
United States,2011,41,12942,0,200,3232,28,12,13,9,77,314,16,66,106
United States,2011,42,14140,0,207,3228,26,9,21,8,48,311,8,116,138
United States,2011,43,11158,0,183,2368,26,10,23,4,51,358,17,55,208
United States,2011,44,11034,0,195,2668,27,16,22,8,64,315,13,74,149
United States,2011,45,9470,0,135,2241,28,10,15,16,45,222,13,43,155
United States,2011,46,11031,0,160,2770,28,8,29,6,37,259,6,68,146
United States,2011,47,6921,0,102,1733,26,9,15,5,37,182,5,48,104
United States,2011,48,13211,0,154,3192,36,5,16,7,31,284,9,88,126
United States,2011,49,15075,0,146,3617,35,15,16,11,36,200,7,100,171
United States,2011,50,12532,0,148,2978,34,6,30,12,29,175,7,69,147
United States,2011,51,10054,0,135,2326,38,13,23,11,34,221,4,75,113
United States,2011,52,9313,1,150,2321,32,15,20,16,31,94,6,33,117
United States,2012,1,6839,0,67,1792,32,2,7,6,21,70,4,25,77
United States,2012,2,8893,0,90,2329,35,6,11,7,27,119,10,53,130
United States,2012,3,11159,0,111,2693,31,4,30,8,16,113,14,58,108
United States,2012,4,11755,0,99,2808,20,7,17,5,19,119,12,76,163
United States,2012,5,12343,0,110,2841,32,9,19,13,17,92,12,60,157
United States,2012,6,11081,0,118,2384,31,13,17,10,19,55,8,77,84
United States,2012,7,11262,0,120,2627,35,20,19,14,19,72,1,82,164
United States,2012,8,10634,0,100,2350,28,10,34,10,12,83,4,56,175
United States,2012,9,12530,0,113,2901,36,16,29,8,17,74,5,77,204
United States,2012,10,11288,0,110,2519,21,14,33,17,23,125,6,64,180
United States,2012,11,11011,0,106,2553,24,9,21,11,21,66,4,69,207
United States,2012,12,13520,0,105,3038,38,15,20,8,15,89,2,112,124
United States,2012,13,12363,0,85,2797,24,9,23,6,18,113,9,96,198
United States,2012,14,9944,0,93,2264,25,6,28,5,15,113,7,65,120
United States,2012,15,13182,0,78,2805,27,7,16,10,23,93,5,73,224
United States,2012,16,11971,0,73,2938,26,8,18,12,11,172,5,86,168
United States,2012,17,12203,0,95,2635,23,10,83,10,12,135,14,94,157
United States,2012,18,11344,0,104,2751,29,22,13,8,14,130,7,47,209
United States,2012,19,11984,0,116,2869,32,20,22,5,24,203,10,99,163
United States,2012,20,13746,0,128,3259,34,19,28,10,28,95,13,98,140
United States,2012,21,9679,0,107,2313,13,11,16,12,37,124,12,50,190
United States,2012,22,9035,0,99,2090,18,13,30,10,37,109,8,49,139
United States,2012,23,10562,0,117,2430,27,10,19,11,30,127,10,85,110
United States,2012,24,7009,0,64,1626,27,15,9,12,24,160,6,56,75
United States,2012,25,8940,0,117,2294,18,6,29,7,39,137,13,64,80
United States,2012,26,9970,0,94,2267,20,10,20,7,37,212,13,62,39
United States,2012,27,8586,0,89,2214,14,7,18,16,35,161,15,42,68
United States,2012,28,11728,0,112,2985,22,17,8,15,28,266,18,63,40
United States,2012,29,13368,0,213,3370,21,10,24,12,39,248,13,84,71
United States,2012,30,11307,1,119,2822,22,11,23,12,22,254,10,65,46
United States,2012,31,12947,0,147,3235,22,8,18,17,38,249,12,87,65
United States,2012,32,11267,0,143,2893,24,11,19,9,40,236,12,56,79
United States,2012,33,14223,0,145,3571,22,8,14,12,37,236,10,106,52
United States,2012,34,12677,0,183,3251,22,16,25,21,68,163,17,93,43
United States,2012,35,10710,0,169,2710,17,15,22,11,48,138,19,52,57
United States,2012,36,10963,0,140,2830,28,13,13,19,31,101,8,68,52
United States,2012,37,14471,0,218,3512,15,17,21,24,40,156,20,90,131
United States,2012,38,12128,0,194,2847,24,21,20,26,48,173,9,62,99
United States,2012,39,16229,0,167,3887,14,10,26,12,35,161,15,97,138
United States,2012,40,12870,0,126,3313,20,19,30,15,39,151,12,119,96
United States,2012,41,10793,0,127,2487,19,10,19,6,46,75,10,63,131
United States,2012,42,13031,0,171,3271,28,12,25,12,45,119,13,94,118
United States,2012,43,11030,0,185,2725,16,6,24,13,40,95,6,67,95
United States,2012,44,12436,0,100,3131,17,6,12,17,30,100,5,82,107
United States,2012,45,10354,0,112,2417,23,12,27,11,23,97,6,87,147
United States,2012,46,10999,0,123,2773,24,17,17,8,37,75,3,46,88
United States,2012,47,7376,0,120,1595,26,12,14,6,24,86,4,49,95
United States,2012,48,12434,0,122,3081,38,12,23,7,40,192,14,79,133
United States,2012,49,11765,0,92,2938,38,3,22,11,25,119,4,48,121
United States,2012,50,10443,0,106,2595,27,5,16,18,14,89,2,48,145
United States,2012,51,7261,0,125,1734,31,21,23,6,18,120,8,28,61
United States,2012,52,4664,0,80,956,35,5,15,7,15,54,4,16,11
United States,2013,1,5952,0,47,1421,29,1,11,2,9,33,8,30,39
United States,2013,2,11469,0,67,2832,37,8,14,4,16,65,4,75,30
United States,2013,3,14066,0,97,3441,26,5,12,5,19,35,13,62,41
United States,2013,4,14049,0,116,3192,36,7,20,4,9,30,9,85,32
United States,2013,5,13116,0,110,3219,53,18,22,16,21,35,13,72,55
United States,2013,6,11026,0,84,2542,40,23,26,15,16,28,10,71,39
United States,2013,7,10993,0,127,2497,36,13,18,14,27,44,7,53,104
United States,2013,8,9350,0,107,1977,49,12,32,6,23,42,6,54,83
United States,2013,9,12629,0,132,2908,32,10,19,15,22,61,6,63,88
United States,2013,10,13520,0,118,3098,38,8,10,15,17,25,6,68,76
United States,2013,11,12158,0,98,2771,12,6,8,3,16,20,2,86,96
United States,2013,12,14284,0,173,3256,30,6,22,9,10,31,4,79,119
United States,2013,13,10737,0,119,2435,29,15,18,27,21,36,7,62,84
United States,2013,14,10339,0,106,2415,24,7,24,19,14,50,12,59,89
United States,2013,15,11043,0,149,2484,39,14,20,7,9,57,6,70,83
United States,2013,16,11370,0,125,2583,37,15,23,16,9,47,8,79,101
United States,2013,17,12066,0,111,2637,34,7,21,8,13,56,5,80,140
United States,2013,18,11255,0,102,2640,32,11,21,8,12,89,11,83,129
United States,2013,19,13564,0,117,3054,36,11,34,14,17,69,9,84,111
United States,2013,20,13107,0,133,2888,46,13,15,16,25,73,10,76,126
United States,2013,21,10577,0,91,2380,23,9,27,9,14,63,11,76,91
United States,2013,22,9720,0,100,2290,27,10,19,17,30,76,10,60,88
United States,2013,23,14901,0,113,3387,39,14,38,17,51,124,7,135,160
United States,2013,24,12269,0,95,2963,17,11,18,10,45,137,6,60,93
United States,2013,25,14562,0,149,3517,27,7,18,24,90,209,13,102,82
United States,2013,26,10271,0,102,2307,40,10,15,11,105,272,8,68,59
United States,2013,27,11275,0,108,2529,19,10,23,6,79,267,9,75,45
United States,2013,28,12299,0,157,3164,28,12,25,7,82,456,17,73,63
United States,2013,29,14609,0,190,3530,24,17,15,7,117,443,19,109,45
United States,2013,30,12016,0,178,2875,25,11,19,14,128,547,17,63,70
United States,2013,31,11178,0,214,2641,18,13,22,15,56,518,19,76,35
United States,2013,32,10000,0,201,2432,25,15,21,5,39,458,8,75,61
United States,2013,33,14383,0,190,3384,31,15,24,19,67,376,7,119,58
United States,2013,34,10743,0,185,2546,11,11,9,3,64,354,12,71,97
United States,2013,35,11448,1,191,2724,26,10,4,15,53,292,6,90,106
United States,2013,36,9375,0,182,2298,26,12,15,6,49,217,24,78,81
United States,2013,37,14162,0,196,3411,15,15,21,7,41,232,13,126,105
United States,2013,38,15293,0,28,181,5,15,12,15,28,181,5,198,106
United States,2013,39,11519,1,186,2873,20,19,24,27,36,118,12,72,95
United States,2013,40,14105,0,211,3459,39,19,30,18,52,323,11,91,123
United States,2013,41,11592,0,166,2755,28,22,15,8,47,176,4,65,95
United States,2013,42,12945,0,187,3214,31,14,18,6,33,148,11,115,160
United States,2013,43,14918,0,193,3469,24,17,22,12,33,212,9,112,125
United States,2013,44,15559,0,204,3742,25,18,19,13,56,250,10,152,134
United States,2013,45,10546,0,140,2448,19,10,15,16,27,113,18,94,114
United States,2013,46,12865,0,122,3107,21,7,22,9,25,144,7,98,140
United States,2013,47,9305,0,178,2224,16,8,12,8,18,156,5,93,68
United States,2013,48,7658,0,104,1723,18,9,24,26,21,81,6,45,78
United States,2013,49,11666,0,132,3140,41,13,27,32,46,101,12,94,115
United States,2013,50,14062,0,122,3771,34,9,22,16,33,110,7,135,121
United States,2013,51,11438,0,186,3117,44,9,29,17,39,70,11,82,97
United States,2013,52,5204,0,107,1255,25,9,52,32,20,56,4,40,53
United States,2014,1,9183,0,62,2444,26,7,9,1,16,10,7,55,24
United States,2014,2,12163,0,102,3067,50,6,15,8,25,16,8,102,50
United States,2014,3,10630,0,113,2474,34,8,21,4,29,21,8,86,88
United States,2014,4,8724,0,92,2083,23,7,29,10,15,16,9,51,109
United States,2014,5,11731,0,129,2738,29,7,24,16,38,31,13,84,67
United States,2014,6,12429,0,144,2907,26,8,24,18,17,32,6,103,81
United States,2014,7,11336,0,121,2841,35,9,16,12,25,27,10,80,74
United States,2014,8,11741,0,93,2815,29,12,16,12,17,24,11,73,83
United States,2014,9,12996,0,115,2820,25,8,20,16,13,44,12,120,87
United States,2014,10,15078,0,114,3407,30,9,30,6,30,45,8,98,89
United States,2014,11,14935,0,121,3386,21,8,22,13,38,25,14,121,68
United States,2014,12,11755,0,137,2809,34,9,18,14,30,45,4,82,108
United States,2014,13,13592,0,133,2782,33,10,33,20,36,40,10,103,120
United States,2014,14,15122,0,127,3324,35,5,24,15,26,67,11,97,94
United States,2014,15,9866,0,91,2398,17,6,26,9,29,24,3,82,113
United States,2014,16,12436,0,135,3053,31,9,26,17,37,76,12,74,89
United States,2014,17,11089,0,93,2501,25,7,25,13,24,489,2,79,125
United States,2014,18,12667,0,176,3060,26,16,28,10,34,103,7,126,155
United States,2014,19,11358,0,165,2638,33,14,22,15,39,157,10,101,109
United States,2014,20,14528,0,174,3246,33,10,31,13,32,177,13,132,147
United States,2014,21,10328,0,124,2429,33,15,19,14,27,174,10,91,116
United States,2014,22,11963,0,129,2965,28,7,26,12,37,178,11,127,118
United States,2014,23,12251,0,145,2861,36,14,32,12,37,243,17,119,146
United States,2014,24,12296,0,117,2909,32,4,31,8,44,270,10,125,124
United States,2014,25,13326,0,148,3074,27,10,12,11,67,333,18,95,102
United States,2014,26,10933,0,146,2609,32,11,23,10,93,429,22,104,74
United States,2014,27,8309,0,99,2045,30,8,23,17,93,363,23,73,65
United States,2014,28,11712,0,145,2911,39,9,25,25,70,509,14,105,53
United States,2014,29,13456,0,181,3281,28,8,17,17,59,439,34,109,79
United States,2014,30,11418,0,172,2873,35,11,18,14,79,500,13,97,84
United States,2014,31,13679,0,185,3310,26,15,95,22,102,494,24,88,79
United States,2014,32,13271,0,182,3167,30,15,68,8,57,403,19,112,65
United States,2014,33,12035,0,227,3213,31,12,70,16,85,370,25,108,58
United States,2014,34,14406,0,225,3577,33,11,16,16,62,393,30,137,64
United States,2014,35,11230,0,218,2680,22,8,23,9,76,324,25,87,87
United States,2014,36,9257,0,145,2337,15,14,20,8,56,238,27,56,81
United States,2014,37,13665,0,217,3462,20,14,32,4,60,289,31,111,114
United States,2014,38,12947,0,186,3249,21,5,28,11,74,230,13,102,119
United States,2014,39,12832,0,248,2752,22,9,25,16,79,228,18,85,110
United States,2014,40,11751,0,203,2803,23,10,23,20,57,194,22,89,123
United States,2014,41,14412,0,183,3370,24,9,14,6,60,169,16,131,106
United States,2014,42,14113,0,195,3176,33,8,27,11,41,157,12,103,86
United States,2014,43,10689,0,159,2460,24,10,13,7,61,153,17,98,120
United States,2014,44,12714,0,167,3049,27,8,15,8,73,140,14,92,141
United States,2014,45,10750,0,182,2559,21,9,13,19,54,135,9,95,138
United States,2014,46,13327,0,125,3271,19,11,25,7,56,141,13,85,123
United States,2014,47,10344,0,125,2229,23,13,16,14,44,230,5,70,101
United States,2014,48,8692,0,110,1918,26,5,28,29,40,82,5,59,69
United States,2014,49,15322,0,138,3876,34,12,25,29,49,110,13,145,73
United States,2014,50,12752,0,124,2966,21,12,13,11,44,176,7,98,71
United States,2014,51,13540,0,135,3222,28,15,31,20,43,112,16,137,100
United States,2014,52,5554,0,116,1669,27,3,7,4,33,51,2,54,47
United States,2014,53,9889,0,79,2908,47,9,13,7,26,47,8,90,32
United States,2015,1,10381,0,89,2906,51,9,21,11,36,17,6,100,68
United States,2015,2,10577,0,101,2182,47,10,19,10,44,28,8,67,68
United States,2015,3,13282,0,95,3028,40,7,24,13,32,33,8,101,58
United States,2015,4,14212,0,120,2996,39,6,13,18,30,30,7,97,70
United States,2015,5,14619,0,120,4052,35,11,26,6,40,82,5,129,81
United States,2015,6,10355,1,140,2375,35,12,26,7,25,55,4,80,57
United States,2015,7,10450,0,95,2552,22,8,20,9,36,33,4,80,105
United States,2015,8,10986,0,129,3,33,8,109,7,37,38,3,113,99
United States,2015,9,11754,0,117,3665,24,9,33,38,25,39,6,101,96
United States,2015,10,13248,0,157,3126,37,11,27,16,31,42,7,121,101
United States,2015,11,14341,0,128,3574,28,14,22,16,30,35,2,139,93
United States,2015,12,15184,0,84,3551,38,8,24,14,38,48,1,136,107
United States,2015,13,10759,0,111,2535,33,7,38,11,39,39,4,107,73
United States,2015,14,10252,0,109,2404,33,20,19,8,32,46,3,136,85
United States,2015,15,15619,0,120,3875,29,15,29,16,39,47,9,143,136
United States,2015,16,14881,0,112,3538,49,20,24,9,34,59,7,164,115
United States,2015,17,12090,0,98,3,31,9,24,13,45,789,5,99,122
United States,2015,18,12255,0,105,3,52,10,29,11,34,1331,8,101,102
United States,2015,19,11831,0,143,2950,28,20,23,11,49,784,24,94,115
United States,2015,20,9930,0,88,2,32,10,20,12,48,52,10,99,72
United States,2015,21,10343,0,94,2778,33,14,20,13,42,94,11,79,76
United States,2015,22,12149,0,156,3118,44,14,18,4,48,158,11,153,80
United States,2015,23,11384,0,96,2892,33,10,26,9,40,181,13,120,76
United States,2015,24,15433,0,97,4264,32,13,20,9,58,292,16,129,66
United States,2015,25,9890,0,113,2600,40,13,26,14,47,331,17,93,62
United States,2015,26,10683,0,95,2769,33,13,21,23,60,328,12,95,41
United States,2015,27,16612,0,125,4047,44,21,23,15,132,494,33,137,58
United States,2015,28,14282,0,132,3680,33,13,35,16,116,525,17,145,51
United States,2015,29,12659,0,140,3416,34,16,25,15,126,540,19,146,58
United States,2015,30,12010,0,132,3072,19,20,23,18,112,522,8,106,48
United States,2015,31,12184,0,170,3271,50,12,30,19,102,509,20,128,52
United States,2015,32,12127,0,199,2983,38,11,29,15,164,435,29,134,61
United States,2015,33,12976,0,181,3325,24,16,20,12,73,406,33,129,55
United States,2015,34,17278,0,169,4207,21,16,32,13,65,284,25,174,82
United States,2015,35,13825,0,165,3379,30,13,25,12,57,305,17,112,66
United States,2015,36,12519,0,137,3465,83,11,36,13,61,202,24,111,58
United States,2015,37,17174,0,168,4886,31,15,20,10,57,267,17,144,126
United States,2015,38,16407,0,161,4534,29,18,33,12,76,188,19,140,137
United States,2015,39,16254,0,170,4512,37,12,25,15,91,249,12,146,95
United States,2015,40,15590,0,144,4206,34,15,40,17,59,231,16,130,105
United States,2015,41,16011,0,186,4255,32,10,24,12,85,153,13,123,85
United States,2015,42,17106,0,195,4482,27,7,17,13,71,176,14,150,100
United States,2015,43,17221,0,170,5004,44,7,29,14,55,167,20,137,115
United States,2015,44,14740,0,225,4030,36,13,35,10,37,210,15,96,84
United States,2015,45,16571,0,177,4299,24,10,22,10,39,130,15,90,90
United States,2015,46,15040,0,147,4018,29,5,44,10,39,133,22,130,106
United States,2015,47,10963,0,86,2779,29,7,15,21,37,90,6,75,66
United States,2015,48,16152,0,108,4795,36,19,37,17,45,178,19,140,98
United States,2015,49,16685,0,112,4882,44,13,21,14,42,139,10,191,97
United States,2015,50,15286,0,142,4167,34,16,22,8,37,118,7,134,109
United States,2015,51,10247,0,88,2878,39,7,19,16,31,80,9,80,54
United States,2015,52,11024,0,115,3207,44,13,29,13,23,71,8,99,59
United States,2016,1,11455,0,84,3871,55,9,20,9,38,48,11,66,78
United States,2016,2,12933,0,90,3751,52,12,16,7,28,49,4,99,81
United States,2016,3,13503,0,103,3711,44,5,24,13,52,55,5,74,55
United States,2016,4,13615,0,113,3725,52,13,21,12,32,53,4,99,119
United States,2016,5,12431,0,126,3118,52,16,23,13,26,56,13,67,84
United States,2016,6,14148,1,99,3714,44,17,19,7,18,62,10,73,98
United States,2016,7,10756,0,111,2738,42,10,21,15,29,39,5,56,65
United States,2016,8,13048,0,152,3131,37,7,30,12,26,47,8,94,106
United States,2016,9,15739,0,102,3949,57,14,20,10,21,53,6,91,97
United States,2016,10,16259,0,123,4109,41,12,16,13,26,54,8,93,57
United States,2016,11,15580,0,105,3969,33,7,20,4,30,50,5,96,78
United States,2016,12,15595,0,116,3966,44,10,15,6,40,73,10,84,92
United States,2016,13,14552,0,124,3976,36,14,33,15,35,78,7,89,97
United States,2016,14,16154,0,141,3862,43,4,18,11,25,57,5,108,97
United States,2016,15,16220,0,163,3895,107,11,31,12,26,55,10,87,97
United States,2016,16,14126,0,143,3411,37,19,19,10,25,635,13,99,86
United States,2016,17,15551,0,138,4040,48,18,18,13,22,64,12,126,89
United States,2016,18,16725,0,138,4190,39,11,13,18,27,342,6,97,95
United States,2016,19,14789,0,102,4582,37,13,19,14,29,416,14,126,123
United States,2016,20,16236,0,124,4665,27,12,19,15,30,350,17,125,95
United States,2016,21,12822,0,104,3392,46,14,24,12,27,120,5,92,100
United States,2016,22,11258,0,88,3159,44,13,16,11,25,78,10,76,78
United States,2016,23,14733,1,160,4140,35,10,19,18,50,187,21,94,105
United States,2016,24,14490,0,132,4190,29,22,15,14,38,287,21,86,54
United States,2016,25,16054,0,95,4617,28,7,24,12,47,295,14,90,66
United States,2016,26,14724,0,123,4168,30,8,20,15,51,362,21,118,49
United States,2016,27,12121,0,87,3501,24,5,9,6,55,284,13,71,34
United States,2016,28,12489,0,115,3832,30,15,25,15,56,448,15,55,56
United States,2016,29,14708,0,160,4418,36,16,22,24,64,501,20,97,44
United States,2016,30,11800,0,143,3538,23,22,24,15,44,452,19,109,45
United States,2016,31,15396,0,141,4651,22,9,9,6,47,331,13,96,43
United States,2016,32,16501,1,120,4756,36,15,19,22,67,410,29,88,41
United States,2016,33,16039,0,142,4774,22,24,25,14,57,273,20,103,43
United States,2016,34,17130,0,201,5109,26,44,27,9,59,316,43,113,53
United States,2016,35,15552,2,146,4546,20,52,21,18,78,232,27,101,65
United States,2016,36,13638,1,150,4230,33,35,16,12,78,196,16,99,79
United States,2016,37,17043,0,158,5149,37,23,20,7,74,195,36,115,95
United States,2016,38,17126,0,131,5167,29,26,31,11,81,236,28,121,85
United States,2016,39,15114,0,200,4494,39,10,19,12,43,218,25,97,91
United States,2016,40,14456,0,120,4291,26,8,13,7,51,125,16,80,52
United States,2016,41,15623,0,150,4962,26,21,28,7,101,171,18,91,74
United States,2016,42,14764,0,108,4413,38,15,14,14,109,182,24,88,74
United States,2016,43,15259,0,145,4483,44,21,17,9,78,140,25,102,85
United States,2016,44,14732,0,150,4607,29,13,20,9,91,176,18,100,88
United States,2016,45,12753,0,96,3853,25,11,21,6,52,104,13,86,89
United States,2016,46,8685,0,153,2408,33,8,17,12,70,72,8,76,73
United States,2016,47,9693,0,82,3123,34,11,14,6,47,71,11,64,38
United States,2016,48,15345,0,126,4970,58,14,33,9,77,156,13,105,76
United States,2016,49,15890,0,246,4912,49,16,32,13,74,82,21,109,105
United States,2016,50,16791,0,112,5091,49,8,36,13,66,97,13,110,79
United States,2016,51,8998,0,121,2699,35,11,18,10,43,113,11,68,44
United States,2016,52,7522,1,73,2323,21,6,19,8,32,77,10,44,44
United States,2017,1,8286,1,59,2673,35,7,13,4,43,,10,57,38
United States,2017,2,12393,0,87,4092,39,7,23,9,41,,11,85,50
United States,2017,3,12149,0,80,3529,33,10,16,6,36,,15,80,71
United States,2017,4,16566,0,113,4898,59,9,17,10,24,,21,116,75
United States,2017,5,17219,0,91,4896,36,11,23,11,30,,11,122,73
United States,2017,6,14398,0,95,4215,50,12,11,9,35,,7,90,57
United States,2017,7,14804,0,100,5994,33,11,19,8,35,,18,88,76
United States,2017,8,13450,0,90,3913,30,11,16,17,24,,8,84,81
United States,2017,9,15113,0,96,4676,33,11,24,13,21,,7,93,81
United States,2017,10,14420,0,46,4254,32,13,22,8,18,,8,93,87
United States,2017,11,11612,0,54,3342,37,10,27,10,20,,5,60,79
United States,2017,12,15023,0,115,4350,33,13,22,12,12,,9,122,84
United States,2017,13,14739,0,117,4321,49,17,27,10,24,,6,123,60
United States,2017,14,15810,0,126,4831,39,12,27,14,28,,8,110,75
United States,2017,15,12684,0,80,3783,45,13,10,10,19,,14,80,54
United States,2017,16,15778,0,93,4812,56,8,19,12,24,,11,126,69
United States,2017,17,15756,0,124,4870,41,8,12,11,39,,2,79,89
United States,2017,18,15819,0,131,4631,48,22,22,13,37,,14,111,92
United States,2017,19,16370,0,96,4852,46,11,23,11,35,,14,101,88
United States,2017,20,14259,0,116,4188,50,16,15,13,45,,9,120,68
United States,2017,21,13699,0,117,4091,47,18,29,16,60,,23,107,74
United States,2017,22,12343,0,90,4001,38,7,11,4,64,,19,87,55
United States,2017,23,12187,0,111,3747,52,19,21,15,55,,16,66,52
United States,2017,24,15383,0,122,5208,47,19,29,22,72,,18,117,41
United States,2017,25,15172,0,110,4885,49,8,18,13,39,,5,107,43
United States,2017,26,12933,0,97,4310,39,14,10,7,50,,18,103,33
United States,2017,27,12812,0,81,4480,34,8,18,4,91,,14,71,35
United States,2017,28,14110,0,146,4745,45,16,26,10,117,,12,98,60
United States,2017,29,14410,0,161,4944,35,17,15,16,92,,25,79,64
United States,2017,30,17711,0,119,5975,35,14,14,10,111,,18,115,39
United States,2017,31,16803,0,103,5629,29,12,11,12,80,,20,120,42
United States,2017,32,18367,0,141,5835,28,18,13,11,84,,26,126,55
United States,2017,33,17421,0,169,5667,29,14,16,5,57,,23,108,50
United States,2017,34,15967,0,130,4974,34,18,12,9,77,,35,115,47
United States,2017,35,15529,0,150,4987,35,14,17,8,91,,25,109,46
United States,2017,36,8751,0,112,2955,29,16,11,5,66,,28,51,48
United States,2017,37,14166,0,164,4826,35,18,36,12,84,,23,62,51
United States,2017,38,18303,0,201,6088,28,17,14,8,107,,17,151,101
United States,2017,39,17587,0,151,5853,41,22,10,3,63,,22,113,64
United States,2017,40,17789,0,177,5825,34,18,14,5,51,,16,114,71
United States,2017,41,16519,0,112,5327,45,19,12,7,46,,15,111,70
United States,2017,42,16186,0,132,5565,37,20,6,8,74,,20,100,67
United States,2017,43,12924,0,159,4354,36,10,8,7,83,,20,61,98
United States,2017,44,16908,0,98,5621,43,23,11,5,89,,21,108,94
United States,2017,45,9893,0,84,3338,39,18,10,8,52,,6,53,76
United States,2017,46,11710,0,91,4005,40,22,10,16,62,,7,66,100
United States,2017,47,9044,0,67,2834,30,10,5,4,34,,8,55,62
United States,2017,48,15800,0,99,5705,68,12,9,19,54,,18,98,104
United States,2017,49,14228,0,87,4868,49,28,9,8,35,,11,119,66
United States,2017,50,15557,4,109,5226,38,21,10,10,23,,7,111,84
United States,2017,51,4452,0,67,1483,44,17,5,3,12,,8,29,57
United States,2017,52,4935,0,42,1568,22,10,2,3,11,,12,20,26
United States,2018,1,3741,0,43,1520,34,19,8,5,16,,7,15,51
United States,2018,2,9071,0,48,3210,56,20,1,6,23,,4,52,51
United States,2018,3,9176,0,90,2902,67,19,9,5,22,,11,40,63
United States,2018,4,11525,0,79,3623,49,23,11,15,21,,12,68,61
United States,2018,5,14952,0,100,4739,57,22,10,8,28,,15,105,60
United States,2018,6,14435,0,88,4454,35,20,20,14,25,,7,89,76
United States,2018,7,13423,0,72,4002,50,24,15,4,25,,7,99,68
United States,2018,8,13881,0,66,4358,31,17,8,12,14,,2,90,56
United States,2018,9,15229,0,89,4498,45,31,14,10,30,,10,93,71
United States,2018,10,10804,0,78,3202,51,30,7,7,21,,4,82,49
United States,2018,11,16152,0,102,4667,51,41,11,18,37,,4,96,56
United States,2018,12,13821,0,123,4399,71,40,19,19,32,,7,111,64
United States,2018,13,12158,0,80,3588,39,52,8,7,18,,1,67,67
United States,2018,14,14268,0,106,4339,64,50,13,5,17,,6,103,63
United States,2018,15,15402,0,66,4781,63,47,14,9,22,,4,98,65
United States,2018,16,13094,0,88,3802,36,57,8,17,15,,7,87,56
United States,2018,17,13263,0,107,3977,45,81,4,10,19,,9,73,67
United States,2018,18,16466,0,75,4941,36,59,7,9,35,,7,80,63
United States,2018,19,13395,0,114,3920,50,75,20,16,28,,20,87,88
United States,2018,20,14462,0,124,4571,58,71,13,13,30,,10,92,71
United States,2018,21,11941,0,103,3951,41,53,7,11,22,,10,78,68
United States,2018,22,11105,0,123,3719,54,84,5,10,40,,14,58,52
United States,2018,23,14508,0,110,4676,41,82,6,10,62,,15,110,98
United States,2018,24,12982,0,122,4048,45,84,15,12,104,,17,51,55
United States,2018,25,15240,0,103,5068,28,70,10,10,103,,16,110,45
United States,2018,26,14696,0,128,4834,55,112,7,15,27,,17,107,60
United States,2018,27,11705,0,112,3768,36,79,4,6,79,,4,59,43
United States,2018,28,14021,0,127,4665,27,36,6,12,143,,9,112,60
United States,2018,29,13048,0,128,4307,31,114,4,7,88,,11,102,47
United States,2018,30,13732,0,119,4551,37,57,12,6,48,,10,87,38
United States,2018,31,14069,0,143,4592,36,109,14,9,81,,9,76,61
United States,2018,32,13363,0,157,4091,27,118,14,8,130,,19,80,44
United States,2018,33,19086,0,135,6233,32,100,14,13,118,,17,115,44
United States,2018,34,15607,0,169,5022,36,147,21,6,114,,17,101,60
United States,2018,35,14767,0,134,4889,27,124,13,11,121,,17,94,27
United States,2018,36,13102,0,130,4436,28,128,19,7,143,,11,70,51
United States,2018,37,15063,0,171,5212,48,156,13,4,104,,9,98,71
United States,2018,38,12136,0,153,4193,39,69,10,6,84,,9,73,51
United States,2018,39,15309,0,143,5037,37,175,13,12,110,,10,111,60
United States,2018,40,11523,0,124,3769,35,156,13,11,145,,11,61,41
United States,2018,41,15408,0,126,5178,38,185,13,8,155,,8,93,46
United States,2018,42,14428,0,107,4720,27,134,11,5,148,,8,126,85
United States,2018,43,12829,0,118,4229,48,160,13,4,112,,7,112,90
United States,2018,44,15715,0,133,4948,42,206,12,7,105,,14,120,81
United States,2018,45,13314,0,103,4219,32,139,8,6,47,,8,112,58
United States,2018,46,12621,0,81,4280,37,182,9,9,81,,4,76,88
United States,2018,47,12013,0,101,4040,47,213,13,8,87,,5,75,78
United States,2018,48,11406,0,121,3800,57,245,18,9,94,,6,77,68
United States,2018,49,14555,0,108,4918,41,301,12,12,72,,8,100,78
United States,2018,50,14540,0,93,4634,43,235,11,11,53,,9,111,72
United States,2018,51,4879,0,89,1525,26,145,6,7,35,,8,24,95
United States,2018,52,3793,0,46,1337,25,74,3,2,12,,2,28,95
United States,2019,1,5084,0,65,1735,42,123,2,2,26,,0,24,23
United States,2019,2,10452,0,73,3392,65,220,6,3,32,,3,48,57
United States,2019,3,11217,0,64,3423,43,200,4,7,43,,10,51,51
United States,2019,4,9511,0,111,2695,45,176,16,11,34,,10,50,70
United States,2019,5,11250,0,100,3288,37,190,15,4,23,,8,57,44
United States,2019,6,10801,0,88,3288,4,179,13,3,30,,12,48,51
United States,2019,7,10121,0,87,3120,60,186,10,2,27,,8,56,52
United States,2019,8,9809,0,112,3005,48,209,10,8,29,,3,58,43
United States,2019,9,11124,0,65,3216,69,180,13,2,40,,4,58,62
United States,2019,10,9594,0,85,2684,53,164,11,2,20,,6,53,88
United States,2019,11,9577,0,83,2937,60,217,26,6,13,,9,57,59
United States,2019,12,10470,0,95,3186,4,146,18,9,17,,9,52,63
United States,2019,13,11054,0,91,3153,6,190,10,1,16,,3,51,49
United States,2019,14,11493,0,83,3420,54,137,11,1,28,,9,53,78
United States,2019,15,9459,0,84,2900,43,131,12,5,28,,5,73,47
United States,2019,16,11129,0,117,3274,57,149,5,0,33,,5,64,56
United States,2019,17,12711,0,121,3808,47,192,26,33,41,,6,67,64
United States,2019,18,11859,1,72,3431,45,142,53,31,23,,10,55,75
United States,2019,19,11962,1,83,3563,39,131,15,7,16,,6,73,49
United States,2019,20,12953,0,88,3862,59,147,12,8,41,,6,75,74
United States,2019,21,10668,1,102,3276,40,200,35,31,38,,9,84,69
United States,2019,22,9287,1,100,2985,60,155,18,23,54,,15,32,70
United States,2019,23,10963,0,78,3422,46,138,28,12,52,,5,81,58
United States,2019,24,10968,1,193,3441,73,175,5,11,81,,6,58,61
United States,2019,25,11933,0,134,3740,62,157,12,19,91,,7,58,40
United States,2019,26,11380,0,135,3567,59,131,21,5,104,,16,46,60
United States,2019,27,8144,0,105,2668,33,110,13,11,109,,10,33,48
United States,2019,28,11584,0,97,3919,42,142,22,14,179,,18,69,82
United States,2019,29,13243,0,135,4246,52,165,12,16,78,,22,55,56
United States,2019,30,11861,0,126,3797,49,131,14,13,66,,18,56,51
United States,2019,31,12492,0,133,4219,34,162,12,13,94,,10,65,66
United States,2019,32,9994,3,141,3485,33,122,13,12,99,,17,53,49
United States,2019,33,13085,6,179,4368,45,154,8,6,65,,25,59,57
United States,2019,34,10547,4,162,3497,40,166,30,20,80,,24,86,64
United States,2019,35,12019,7,136,3909,22,101,11,10,76,,12,53,74
United States,2019,36,9026,7,128,3127,37,128,17,24,101,,24,63,85
United States,2019,37,11483,16,150,4023,41,177,21,20,106,,22,62,89
United States,2019,38,12340,11,151,4207,35,100,28,16,98,,29,76,74
United States,2019,39,10595,4,152,3557,41,110,14,16,57,,8,84,60
United States,2019,40,11288,2,108,3786,42,79,12,10,51,,18,79,97
United States,2019,41,11481,11,134,3912,33,65,9,9,53,,12,78,65
United States,2019,42,10380,11,109,3475,18,91,3,11,62,,8,51,36
United States,2019,43,11851,2,92,4027,42,83,9,6,48,,8,46,28
United States,2019,44,10735,9,125,3467,44,83,12,15,54,,9,81,53
United States,2019,45,11842,1,136,4315,43,66,6,12,37,,4,96,28
United States,2019,46,10024,4,30,3472,30,43,9,7,30,,4,68,34
United States,2019,47,12886,3,69,4423,52,53,13,7,58,,10,90,49
United States,2019,48,8274,0,78,2769,44,47,9,8,66,,7,48,36
United States,2019,49,11586,4,107,4089,56,56,17,8,45,,8,63,73
United States,2019,50,11836,4,77,4147,75,44,14,11,39,,7,89,58
United States,2019,51,9997,2,78,3357,36,56,4,10,32,,8,83,74
United States,2019,52,3419,0,42,1169,19,89,33,28,60,,11,22,69
