Date,Month,WeekOfYear,Year,Week,Chlamydia,Dengue,Giardiasis,Gonorrhea,Haemophilus,HepatitisA,HepatitisB,HepatitisC,Legionellosis,Lyme disease,Malaria,Syphilis,chickenpox
2006-01-02,1,1,2006,1,3770,0,89,1561,15,44,10,0,8,14,4,18,211
2006-01-09,1,2,2006,2,7070,0,107,2770,13,22,22,0,11,17,4,52,614
2006-01-16,1,3,2006,3,9379,0,115,3450,13,21,25,0,13,22,18,83,475
2006-01-23,1,4,2006,4,11315,0,166,4030,29,29,71,0,10,22,15,85,813
2006-01-30,1,5,2006,5,11824,0,144,3873,29,42,32,0,19,35,11,90,703
2006-02-06,2,6,2006,6,10053,0,131,3370,20,19,19,0,11,33,6,77,776
2006-02-13,2,7,2006,7,8696,0,177,3266,20,46,25,0,16,31,9,80,692
2006-02-20,2,8,2006,8,8326,0,153,2968,21,31,35,0,15,23,20,71,452
2006-02-27,2,9,2006,9,13035,0,169,4884,36,44,95,0,19,39,5,85,916
2006-03-06,3,10,2006,10,11477,0,220,4087,23,43,100,0,15,144,17,59,901
2006-03-13,3,11,2006,11,12019,0,112,3943,35,9,31,0,17,103,3,90,790
2006-03-20,3,12,2006,12,12726,0,159,3730,27,42,61,0,19,86,12,130,755
2006-03-27,3,13,2006,13,12484,0,212,4344,32,52,41,0,16,62,8,74,901
2006-04-03,4,14,2006,14,11670,0,187,3562,27,44,36,0,18,147,11,76,811
2006-04-10,4,15,2006,15,9089,0,135,2632,20,38,49,0,14,13,5,71,1082
2006-04-17,4,16,2006,16,11215,0,162,3688,21,50,48,0,19,41,7,62,455
2006-04-24,4,17,2006,17,11690,0,147,4031,33,63,57,0,15,26,8,80,777
2006-05-01,5,18,2006,18,9731,0,203,2572,26,47,32,0,10,90,24,69,897
2006-05-08,5,19,2006,19,10401,0,134,3555,16,33,40,0,16,33,10,78,687
2006-05-15,5,20,2006,20,10749,0,203,3910,30,23,39,0,13,65,12,82,915
2006-05-22,5,21,2006,21,8614,0,258,3203,33,49,43,0,19,87,9,72,875
2006-05-29,5,22,2006,22,8743,0,128,3123,14,26,47,0,26,63,9,60,653
2006-06-05,6,23,2006,23,10577,0,175,3829,33,38,50,0,25,72,18,98,652
2006-06-12,6,24,2006,24,8826,0,148,2741,35,20,51,0,25,105,11,74,562
2006-06-19,6,25,2006,25,10737,0,144,3921,19,32,55,0,37,179,20,103,506
2006-06-26,6,26,2006,26,3830,0,169,1431,12,18,33,0,12,349,12,37,171
2006-07-03,7,27,2006,27,6717,0,136,2480,28,32,38,0,34,310,13,57,207
2006-07-10,7,28,2006,28,11186,0,271,3875,33,29,64,0,76,358,11,106,342
2006-07-17,7,29,2006,29,9550,0,156,3469,30,21,43,0,26,426,13,65,106
2006-07-24,7,30,2006,30,11416,0,222,3972,34,27,27,0,53,474,18,114,115
2006-07-31,7,31,2006,31,11538,0,212,3834,30,35,28,0,39,423,23,120,163
2006-08-07,8,32,2006,32,11595,0,268,4109,23,31,53,0,47,531,20,86,150
2006-08-14,8,33,2006,33,11916,0,263,4149,29,34,42,0,56,461,19,104,557
2006-08-21,8,34,2006,34,10841,0,277,3689,19,47,56,0,28,317,18,109,181
2006-08-28,8,35,2006,35,9450,0,283,3183,14,53,32,0,33,253,12,68,127
2006-09-04,9,36,2006,36,8008,0,224,3361,17,20,22,0,29,132,13,86,160
2006-09-11,9,37,2006,37,12409,0,291,4745,24,30,42,0,51,249,11,110,262
2006-09-18,9,38,2006,38,11657,0,227,3912,14,39,27,0,38,441,18,96,271
2006-09-25,9,39,2006,39,13082,0,325,4514,22,28,44,0,43,235,16,120,323
2006-10-02,10,40,2006,40,10833,0,297,3548,14,17,45,0,37,101,13,79,442
2006-10-09,10,41,2006,41,11448,0,224,3909,19,34,42,0,63,131,10,96,441
2006-10-16,10,42,2006,42,13169,0,236,4741,34,51,39,0,42,156,4,109,518
2006-10-23,10,43,2006,43,11145,0,237,3552,22,43,48,0,46,256,12,98,444
2006-10-30,10,44,2006,44,10427,0,247,3688,29,43,46,0,36,331,23,106,562
2006-11-06,11,45,2006,45,10236,0,183,3524,13,12,24,0,31,125,12,88,469
2006-11-13,11,46,2006,46,8434,0,208,2857,22,35,56,0,24,171,4,62,695
2006-11-20,11,47,2006,47,6193,0,138,1893,19,23,17,0,23,152,7,44,570
2006-11-27,11,48,2006,48,11826,0,191,4210,29,37,32,0,28,252,13,97,940
2006-12-04,12,49,2006,49,11832,0,198,3910,23,35,54,0,24,154,8,108,850
2006-12-11,12,50,2006,50,10779,0,199,3404,20,15,21,0,21,142,6,96,668
2006-12-18,12,51,2006,51,8135,0,165,2277,22,34,44,0,15,114,10,63,382
2006-12-25,12,52,2006,52,5900,0,149,1856,25,16,31,0,28,73,5,45,213
2007-01-01,1,1,2007,1,6694,0,67,2308,15,6,10,0,6,19,6,42,203
2007-01-08,1,2,2007,2,7104,0,78,2430,28,10,15,0,16,27,3,65,562
2007-01-15,1,3,2007,3,8105,0,71,3096,39,9,15,0,12,113,7,61,354
2007-01-22,1,4,2007,4,13385,0,176,4603,29,19,29,0,20,36,8,125,427
2007-01-29,1,5,2007,5,11361,0,168,3268,44,31,32,0,20,47,11,95,500
2007-02-05,2,6,2007,6,9736,0,166,3099,30,19,43,0,11,37,5,106,1052
2007-02-12,2,7,2007,7,7547,0,126,2364,39,20,23,0,25,85,3,68,684
2007-02-19,2,8,2007,8,9125,0,144,2780,28,28,31,0,15,49,4,63,573
2007-02-26,2,9,2007,9,10629,0,127,3436,22,42,34,0,13,95,5,98,383
2007-03-05,3,10,2007,10,10372,0,123,3334,34,25,31,0,18,33,8,68,775
2007-03-12,3,11,2007,11,9994,0,169,2821,29,33,37,0,18,42,3,79,619
2007-03-19,3,12,2007,12,8537,0,116,3323,23,18,35,0,17,30,1,99,972
2007-03-26,3,13,2007,13,12198,0,163,3097,33,23,58,0,18,57,7,103,820
2007-04-02,4,14,2007,14,10216,0,155,3052,43,42,37,0,9,53,6,91,557
2007-04-09,4,15,2007,15,3052,0,147,2764,35,27,18,0,10,42,5,84,830
2007-04-16,4,16,2007,16,10581,0,152,3601,34,31,53,0,14,36,10,117,983
2007-04-23,4,17,2007,17,10876,0,139,3316,33,28,33,0,18,41,9,91,653
2007-04-30,4,18,2007,18,11755,0,132,3430,31,23,28,0,10,86,5,79,659
2007-05-07,5,19,2007,19,11098,0,143,3465,25,23,46,0,10,77,7,99,814
2007-05-14,5,20,2007,20,10619,0,170,2747,71,24,47,0,15,81,10,89,783
2007-05-21,5,21,2007,21,8574,0,122,2958,22,17,16,0,10,36,8,72,437
2007-05-28,5,22,2007,22,6567,0,83,1956,20,27,47,0,15,44,9,55,560
2007-06-04,6,23,2007,23,9475,0,103,2688,18,20,35,0,23,168,9,89,555
2007-06-11,6,24,2007,24,10193,0,128,3110,25,29,35,0,18,207,14,125,238
2007-06-18,6,25,2007,25,10775,0,132,3964,22,28,29,0,31,248,9,107,184
2007-06-25,6,26,2007,26,8556,0,141,2440,24,34,26,0,28,296,8,83,137
2007-07-02,7,27,2007,27,10312,0,190,3040,32,22,30,0,24,225,5,88,151
2007-07-09,7,28,2007,28,10867,0,150,3383,15,35,41,0,43,511,13,119,104
2007-07-16,7,29,2007,29,11992,0,184,4264,25,27,43,0,25,583,13,117,126
2007-07-23,7,30,2007,30,11895,0,219,3851,28,35,34,0,19,462,13,109,149
2007-07-30,7,31,2007,31,10680,0,212,3591,25,23,26,0,24,398,24,131,120
2007-08-06,8,32,2007,32,13635,0,220,4373,23,24,47,0,48,381,13,114,77
2007-08-13,8,33,2007,33,12454,0,233,4049,18,36,33,0,30,372,17,136,116
2007-08-20,8,34,2007,34,12350,0,245,4808,19,35,44,0,46,297,20,150,148
2007-08-27,8,35,2007,35,11658,0,270,3625,12,33,31,0,39,237,7,95,186
2007-09-03,9,36,2007,36,8796,0,247,2979,12,28,48,0,48,307,11,82,137
2007-09-10,9,37,2007,37,14544,0,305,4571,26,41,33,0,38,355,11,153,365
2007-09-17,9,38,2007,38,11908,0,267,4272,30,36,39,0,36,351,18,146,240
2007-09-24,9,39,2007,39,10877,0,290,3476,18,41,44,0,39,229,12,136,205
2007-10-01,10,40,2007,40,11779,0,230,3959,15,20,37,0,14,59,7,136,386
2007-10-08,10,41,2007,41,11326,0,301,3589,12,26,33,0,30,120,9,99,374
2007-10-15,10,42,2007,42,11374,0,222,3241,25,26,53,0,37,271,15,101,272
2007-10-22,10,43,2007,43,9474,0,243,3390,15,35,51,0,32,217,10,133,356
2007-10-29,10,44,2007,44,10911,0,212,3730,26,24,65,0,26,219,17,131,333
2007-11-05,11,45,2007,45,10469,0,205,3338,27,15,39,0,37,234,13,155,447
2007-11-12,11,46,2007,46,7638,0,338,2944,15,15,28,0,34,211,7,67,505
2007-11-19,11,47,2007,47,7666,0,140,2361,19,15,30,0,14,136,11,61,251
2007-11-26,11,48,2007,48,12126,0,228,4111,18,29,37,0,33,183,18,157,621
2007-12-03,12,49,2007,49,11636,0,187,3947,33,54,47,0,36,159,10,146,596
2007-12-10,12,50,2007,50,11982,0,164,3703,15,35,50,0,25,142,7,239,414
2007-12-17,12,51,2007,51,5673,0,140,1528,28,15,24,0,32,61,11,53,420
2007-12-24,12,52,2007,52,4787,0,164,1358,31,18,25,0,30,50,8,30,160
2007-12-31,12,1,2007,52,4787,0,164,1358,31,18,25,0,30,50,8,30,160
2008-01-07,1,2,2008,2,7252,0,70,2161,27,21,15,0,18,37,5,86,255
2008-01-14,1,3,2008,3,10893,0,114,3639,42,26,34,0,32,114,9,102,346
2008-01-21,1,4,2008,4,9933,0,142,2925,46,25,43,0,29,131,10,103,363
2008-01-28,1,5,2008,5,10724,0,117,2740,41,26,29,0,30,153,9,90,323
2008-02-04,2,6,2008,6,9928,0,166,2755,33,33,22,0,45,166,16,133,433
2008-02-11,2,7,2008,7,11380,0,188,3000,44,33,46,0,35,255,10,85,487
2008-02-18,2,8,2008,8,9558,0,130,2428,21,22,32,0,8,28,4,96,464
2008-02-25,2,9,2008,9,8096,0,166,2423,30,27,31,0,17,34,5,72,454
2008-03-03,3,10,2008,10,8153,0,181,3108,37,20,31,0,26,57,4,85,495
2008-03-10,3,11,2008,11,7516,0,160,2256,33,25,37,0,15,44,1,108,606
2008-03-17,3,12,2008,12,10692,0,162,2636,24,23,38,0,23,28,8,105,698
2008-03-24,3,13,2008,13,12464,0,137,3053,24,18,32,0,11,41,1,100,441
2008-03-31,3,14,2008,14,12081,0,157,3301,37,20,24,0,17,29,4,129,414
2008-04-07,4,15,2008,15,13074,0,172,3492,29,26,34,0,16,41,7,120,749
2008-04-14,4,16,2008,16,12028,0,165,3477,37,28,36,0,16,52,6,109,525
2008-04-21,4,17,2008,17,13333,0,180,3494,33,22,35,0,20,96,6,96,582
2008-04-28,4,18,2008,18,11657,0,136,2975,24,32,34,0,14,13,9,111,453
2008-05-05,5,19,2008,19,12011,0,241,3120,18,31,27,0,16,64,9,131,400
2008-05-12,5,20,2008,20,11700,0,155,3274,41,34,36,0,20,54,4,94,601
2008-05-19,5,21,2008,21,11167,0,181,2843,31,31,60,0,28,102,14,103,541
2008-05-26,5,22,2008,22,9710,0,146,2453,46,20,28,0,20,77,6,72,491
2008-06-02,6,23,2008,23,9303,0,138,2580,20,21,32,0,33,75,8,75,462
2008-06-09,6,24,2008,24,12919,0,149,3509,30,21,36,0,33,83,14,78,598
2008-06-16,6,25,2008,25,12429,0,194,3413,31,15,39,0,22,190,12,145,374
2008-06-23,6,26,2008,26,12583,0,192,3494,35,34,40,0,56,312,10,123,218
2008-06-30,6,27,2008,27,11074,0,172,3236,20,33,29,0,38,284,15,112,284
2008-07-07,7,28,2008,28,9129,0,136,2743,21,26,12,0,28,255,14,70,138
2008-07-14,7,29,2008,29,11177,0,160,3406,36,47,38,0,54,447,27,111,120
2008-07-21,7,30,2008,30,9695,0,259,2978,17,24,32,0,61,545,9,116,187
2008-07-28,7,31,2008,31,10721,0,208,3000,18,21,48,0,69,670,15,90,121
2008-08-04,8,32,2008,32,11899,0,288,3202,24,26,39,0,61,571,14,120,126
2008-08-11,8,33,2008,33,9944,0,316,2837,17,19,21,0,61,574,9,125,85
2008-08-18,8,34,2008,34,12545,0,253,3530,26,27,31,0,53,541,13,122,131
2008-08-25,8,35,2008,35,10724,0,231,3075,21,30,37,0,43,350,15,101,108
2008-09-01,9,36,2008,36,7373,0,170,2037,25,21,31,0,41,216,20,75,120
2008-09-08,9,37,2008,37,11188,0,227,2991,6,27,21,0,42,222,11,134,121
2008-09-15,9,38,2008,38,12300,0,384,3516,20,18,39,0,49,452,15,100,246
2008-09-22,9,39,2008,39,13287,0,259,3639,21,30,51,0,47,244,16,122,208
2008-09-29,9,40,2008,40,13710,0,266,3878,22,35,37,0,51,403,13,121,268
2008-10-06,10,41,2008,41,9961,0,225,2697,18,29,25,0,53,268,15,115,233
2008-10-13,10,42,2008,42,13564,0,186,3523,18,20,34,0,26,255,5,160,148
2008-10-20,10,43,2008,43,12915,0,259,3635,20,35,22,0,19,62,3,112,168
2008-10-27,10,44,2008,44,13964,0,232,3649,24,25,36,0,50,487,16,138,328
2008-11-03,11,45,2008,45,11950,0,184,2865,11,20,30,0,31,222,7,124,187
2008-11-10,11,46,2008,46,8748,0,252,1961,21,20,33,0,22,236,10,77,297
2008-11-17,11,47,2008,47,12689,0,195,2986,27,17,21,0,29,244,7,88,269
2008-11-24,11,48,2008,48,9661,0,246,1975,25,14,32,0,31,400,7,83,383
2008-12-01,12,49,2008,49,7763,0,196,1857,26,10,22,0,21,286,8,78,189
2008-12-08,12,50,2008,50,12903,0,184,3361,26,13,34,0,30,355,12,78,366
2008-12-15,12,51,2008,51,12426,0,190,3090,27,20,32,0,30,419,10,133,513
2008-12-22,12,52,2008,52,6382,0,130,1556,27,11,28,0,31,391,11,44,348
2008-12-29,12,1,2008,1,4487,0,99,1068,12,7,22,0,15,186,9,25,194
2009-01-05,1,2,2008,2,7228,0,101,1636,24,9,28,0,4,72,2,52,77
2009-01-12,1,3,2009,3,7711,0,111,1932,19,17,26,0,27,15,4,82,190
2009-01-19,1,4,2009,4,9437,0,129,2100,30,14,14,0,27,37,9,93,251
2009-01-26,1,5,2009,5,12757,0,161,2705,32,34,33,0,20,42,13,112,306
2009-02-02,2,6,2009,6,11322,0,160,2558,36,21,26,0,13,70,15,94,330
2009-02-09,2,7,2009,7,8775,0,215,1878,30,29,35,0,12,42,11,66,313
2009-02-16,2,8,2009,8,11765,0,115,2645,24,13,34,0,24,48,7,101,215
2009-02-23,2,9,2009,9,11517,0,195,2591,20,12,40,0,13,51,5,110,288
2009-03-02,3,10,2009,10,11880,0,151,2783,33,20,46,0,22,47,5,106,191
2009-03-09,3,11,2009,11,12587,0,176,2775,30,19,28,0,17,65,11,116,225
2009-03-16,3,12,2009,12,10774,0,176,2256,34,14,37,0,12,66,10,95,191
2009-03-23,3,13,2009,13,11829,0,175,2462,26,25,30,0,17,96,11,108,249
2009-03-30,3,14,2009,14,13812,0,155,2984,26,27,34,0,13,95,13,116,171
2009-04-06,4,15,2009,15,11298,0,203,2327,41,22,24,0,17,77,8,74,217
2009-04-13,4,16,2009,16,11866,0,225,2454,26,21,37,0,14,100,7,106,218
2009-04-20,4,17,2009,17,11510,0,240,3405,22,29,27,0,10,103,8,96,210
2009-04-27,4,18,2009,18,8836,0,146,1956,19,9,19,0,12,101,2,89,122
2009-05-04,5,19,2009,19,11735,0,203,2274,30,17,28,0,18,121,3,95,265
2009-05-11,5,20,2009,20,10574,0,136,2212,27,21,33,0,22,106,12,106,214
2009-05-18,5,21,2009,21,8356,0,162,1977,43,15,33,0,16,119,12,72,221
2009-05-25,5,22,2009,22,9260,0,204,1981,23,26,23,0,27,101,6,80,149
2009-06-01,6,23,2009,23,9911,0,167,2798,25,10,36,0,24,108,10,97,160
2009-06-08,6,24,2009,24,11677,0,170,2587,24,21,27,0,22,145,9,76,93
2009-06-15,6,25,2009,25,8223,0,139,1583,17,15,6,0,34,223,4,68,51
2009-06-22,6,26,2009,26,12578,0,147,2972,30,13,21,0,34,232,9,89,58
2009-06-29,6,27,2009,27,10176,0,189,2584,22,16,16,0,45,431,8,77,101
2009-07-06,7,28,2009,28,12097,0,258,2833,33,18,21,0,64,439,20,134,52
2009-07-13,7,29,2009,29,9509,0,268,2142,23,24,41,0,53,549,10,101,57
2009-07-20,7,30,2009,30,13927,0,269,3238,36,23,45,0,47,582,18,124,59
2009-07-27,7,31,2009,31,11145,0,222,2857,14,21,19,0,43,578,25,121,49
2009-08-03,8,32,2009,32,13102,0,243,3246,33,16,32,0,56,538,16,119,43
2009-08-10,8,33,2009,33,11928,0,290,3093,22,26,38,0,96,472,24,113,53
2009-08-17,8,34,2009,34,14167,0,255,3446,25,16,25,0,47,359,19,161,44
2009-08-24,8,35,2009,35,12719,0,210,3125,23,22,20,0,51,308,11,117,52
2009-08-31,8,36,2009,36,11558,0,219,2989,25,22,31,0,48,410,12,102,60
2009-09-07,9,37,2009,37,9302,0,235,2130,20,17,23,0,41,187,6,80,74
2009-09-14,9,38,2009,38,12662,0,233,3072,25,21,37,0,48,247,11,135,101
2009-09-21,9,39,2009,39,13167,0,267,3693,10,14,17,0,51,272,6,137,134
2009-09-28,9,40,2009,40,13358,0,307,3091,23,25,31,0,37,357,23,103,188
2009-10-05,10,41,2009,41,11408,0,232,2749,12,7,27,0,29,253,10,108,118
2009-10-12,10,42,2009,42,9302,0,188,2240,20,10,22,0,35,181,5,95,94
2009-10-19,10,43,2009,43,10351,0,200,2459,16,14,34,0,47,218,9,83,119
2009-10-26,10,44,2009,44,11243,0,195,2490,22,13,37,0,38,230,8,100,99
2009-11-02,11,45,2009,45,10434,0,304,2291,26,28,34,0,44,169,14,88,94
2009-11-09,11,46,2009,46,10101,0,174,2261,21,9,28,0,25,230,2,66,109
2009-11-16,11,47,2009,47,8184,0,142,2025,19,13,23,0,39,191,7,103,64
2009-11-23,11,48,2009,48,6902,0,203,1453,17,10,14,0,21,153,7,81,65
2009-11-30,11,49,2009,49,13457,0,249,3208,33,20,33,0,28,265,17,112,58
2009-12-07,12,50,2009,50,13340,0,186,3214,37,21,33,0,31,191,21,124,171
2009-12-14,12,51,2009,51,9779,0,188,2181,34,20,42,0,26,189,11,78,103
2009-12-21,12,52,2009,52,5332,0,177,1158,30,22,22,0,20,174,6,47,57
2009-12-28,12,53,2009,53,7279,0,150,1584,48,19,22,0,33,157,12,64,40
2010-01-04,1,1,2010,1,8474,0,93,2171,22,8,17,2,14,26,7,71,87
2010-01-11,1,2,2010,2,7937,0,128,2150,26,10,22,6,22,26,7,83,93
2010-01-18,1,3,2010,3,9266,0,154,2090,25,8,20,4,22,39,13,75,102
2010-01-25,1,4,2010,4,10965,0,182,2613,28,16,31,6,24,83,14,103,106
2010-02-01,2,5,2010,5,9713,0,191,2254,35,26,25,9,17,58,12,90,124
2010-02-08,2,6,2010,6,7555,0,171,1630,26,20,21,4,14,42,15,65,108
2010-02-15,2,7,2010,7,9345,0,170,2130,18,11,29,5,26,44,22,81,128
2010-02-22,2,8,2010,8,11417,0,204,2504,33,17,27,12,17,51,10,78,119
2010-03-01,3,9,2010,9,9521,0,154,2031,25,21,25,9,19,54,6,72,195
2010-03-08,3,10,2010,10,11791,0,182,2572,22,10,26,4,18,46,10,86,206
2010-03-15,3,11,2010,11,10590,0,234,2357,22,25,24,10,15,63,13,81,219
2010-03-22,3,12,2010,12,10241,0,194,2167,31,20,37,9,24,78,9,77,149
2010-03-29,3,13,2010,13,8689,0,186,1819,32,10,26,7,21,60,7,91,153
2010-04-05,4,14,2010,14,9426,0,247,2240,30,10,31,8,23,76,7,71,164
2010-04-12,4,15,2010,15,11680,0,149,2424,38,10,24,7,16,88,9,72,242
2010-04-19,4,16,2010,16,10630,0,171,2131,27,10,39,7,14,90,12,74,244
2010-04-26,4,17,2010,17,9399,0,208,2169,22,14,33,12,13,66,10,75,224
2010-05-03,5,18,2010,18,8799,0,278,1947,21,22,26,6,21,90,9,42,316
2010-05-10,5,19,2010,19,9924,0,206,2165,27,19,23,14,26,107,13,63,181
2010-05-17,5,20,2010,20,10705,0,193,2305,19,22,25,9,29,138,13,64,265
2010-05-24,5,21,2010,21,8769,0,183,1980,22,13,26,7,37,125,6,47,322
2010-05-31,5,22,2010,22,8828,0,138,2052,22,12,13,6,30,110,7,69,230
2010-06-07,6,23,2010,23,13156,0,172,3045,23,17,27,9,36,256,12,107,139
2010-06-14,6,24,2010,24,12632,0,201,2905,37,22,40,8,38,193,16,61,140
2010-06-21,6,25,2010,25,11947,0,203,2685,25,8,26,7,52,259,12,71,120
2010-06-28,6,26,2010,26,10018,0,200,2351,27,14,30,9,60,374,13,84,63
2010-07-05,7,27,2010,27,9106,0,147,2088,25,14,16,8,35,203,8,55,44
2010-07-12,7,28,2010,28,11253,0,222,2830,23,11,30,4,35,455,11,87,70
2010-07-19,7,29,2010,29,11294,0,237,2697,24,14,36,12,32,407,18,84,89
2010-07-26,7,30,2010,30,11017,0,246,2567,19,15,35,16,41,326,21,84,64
2010-08-02,8,31,2010,31,12015,0,230,2879,19,26,38,6,33,308,22,81,62
2010-08-09,8,32,2010,32,13225,0,227,3258,18,25,35,9,54,255,49,100,61
2010-08-16,8,33,2010,33,11450,0,243,2762,14,15,26,9,52,312,20,109,84
2010-08-23,8,34,2010,34,13226,0,273,3097,23,20,46,9,40,245,22,99,87
2010-08-30,8,35,2010,35,11373,0,241,2953,20,20,34,11,39,196,20,87,94
2010-09-06,9,36,2010,36,10836,0,223,2594,11,20,31,7,41,220,18,70,102
2010-09-13,9,37,2010,37,11327,0,274,2872,20,22,41,15,34,265,25,71,140
2010-09-20,9,38,2010,38,13553,0,244,3255,33,29,33,7,31,191,16,112,175
2010-09-27,9,39,2010,39,13350,0,251,3126,21,14,26,26,45,199,24,113,154
2010-10-04,10,40,2010,40,13257,0,229,3002,17,24,45,45,35,186,20,83,146
2010-10-11,10,41,2010,41,11466,0,233,2933,17,21,31,5,46,249,21,98,127
2010-10-18,10,42,2010,42,14906,0,263,3549,41,24,41,5,72,150,21,79,210
2010-10-25,10,43,2010,43,13084,0,192,3026,19,14,25,4,51,111,4,103,152
2010-11-01,11,44,2010,44,9957,0,221,2076,22,21,28,5,24,127,14,67,184
2010-11-08,11,45,2010,45,10790,0,178,2334,23,16,32,13,24,86,15,50,116
2010-11-15,11,46,2010,46,9338,0,206,2101,35,20,27,11,51,106,11,53,173
2010-11-22,11,47,2010,47,7620,0,121,1849,24,15,17,4,23,67,11,46,100
2010-11-29,11,48,2010,48,11987,0,200,2918,45,23,23,7,41,130,16,79,261
2010-12-06,12,49,2010,49,12825,0,219,2956,41,15,26,5,29,88,17,89,181
2010-12-13,12,50,2010,50,10376,0,195,2582,34,13,35,5,25,102,14,43,177
2010-12-20,12,51,2010,51,7158,0,153,1750,15,7,23,3,21,103,8,29,96
2010-12-27,12,52,2010,52,7549,0,150,1974,20,16,19,2,21,61,13,48,82
2011-01-03,1,1,2011,1,9393,0,132,2253,30,6,17,6,20,35,7,40,62
2011-01-10,1,2,2011,2,9996,0,134,2452,32,19,10,0,28,28,15,40,135
2011-01-17,1,3,2011,3,10001,0,99,2494,36,13,7,3,14,25,8,53,101
2011-01-24,1,4,2011,4,11722,0,140,2775,35,15,34,4,19,42,12,51,133
2011-01-31,1,5,2011,5,11345,0,164,2593,26,18,24,4,21,33,10,66,83
2011-02-07,2,6,2011,6,13224,0,175,2948,27,12,17,5,23,36,12,76,151
2011-02-14,2,7,2011,7,12957,0,136,2952,30,19,15,7,23,41,5,107,123
2011-02-21,2,8,2011,8,9568,0,126,2255,24,9,27,14,23,33,7,78,136
2011-02-28,2,9,2011,9,12853,0,160,2577,19,14,20,5,26,34,5,59,139
2011-03-07,3,10,2011,10,14855,0,168,2630,24,16,24,11,29,49,8,68,188
2011-03-14,3,11,2011,11,12076,0,164,2588,31,11,14,7,19,37,9,67,127
2011-03-21,3,12,2011,12,14057,0,163,2893,32,14,20,7,23,79,11,80,139
2011-03-28,3,13,2011,13,10728,0,172,2147,30,12,23,13,21,45,7,51,163
2011-04-04,4,14,2011,14,11485,0,180,2389,38,19,25,13,21,49,7,44,127
2011-04-11,4,15,2011,15,13325,0,202,2639,19,9,19,11,21,72,12,92,140
2011-04-18,4,16,2011,16,11427,0,130,2406,27,11,12,9,19,48,5,32,124
2011-04-25,4,17,2011,17,13968,0,114,3033,22,6,16,10,15,52,10,92,157
2011-05-02,5,18,2011,18,10421,0,154,2103,31,14,14,7,15,40,7,68,143
2011-05-09,5,19,2011,19,13912,0,147,3188,36,19,18,12,24,125,15,68,175
2011-05-16,5,20,2011,20,15504,0,134,3465,43,12,9,8,18,154,16,82,172
2011-05-23,5,21,2011,21,12439,0,137,2791,40,14,18,12,23,177,12,72,130
2011-05-30,5,22,2011,22,10175,0,123,2170,37,4,20,2,26,147,8,53,148
2011-06-06,6,23,2011,23,12819,0,147,3044,36,12,24,6,38,233,15,69,148
2011-06-13,6,24,2011,24,11452,0,143,2673,31,12,15,11,17,283,13,55,93
2011-06-20,6,25,2011,25,11651,0,144,2710,18,12,29,7,23,361,14,55,67
2011-06-27,6,26,2011,26,9778,0,124,2123,22,7,17,10,24,586,15,58,156
2011-07-04,7,27,2011,27,8596,0,141,2030,28,11,13,9,34,469,10,40,42
2011-07-11,7,28,2011,28,10304,0,161,2337,31,10,12,10,63,697,21,45,74
2011-07-18,7,29,2011,29,10538,0,178,2419,20,9,27,4,53,767,13,58,74
2011-07-25,7,30,2011,30,10173,0,187,2427,17,13,19,13,39,528,11,78,81
2011-08-01,8,31,2011,31,11464,0,236,2651,26,5,20,15,35,461,22,122,57
2011-08-08,8,32,2011,32,12020,0,232,3003,16,9,22,11,35,491,15,96,99
2011-08-15,8,33,2011,33,12479,0,191,3070,25,13,11,10,47,249,17,76,58
2011-08-22,8,34,2011,34,13958,0,240,3192,19,24,43,17,50,425,20,93,100
2011-08-29,8,35,2011,35,12431,0,178,3039,20,11,14,5,62,259,19,99,74
2011-09-05,9,36,2011,36,10093,0,199,2490,18,11,24,18,60,280,15,62,113
2011-09-12,9,37,2011,37,13239,0,228,3366,25,15,30,9,62,372,18,86,75
2011-09-19,9,38,2011,38,13595,0,245,3476,12,14,73,10,86,372,19,112,130
2011-09-26,9,39,2011,39,12763,0,199,3130,20,11,24,15,68,324,16,79,166
2011-10-03,10,40,2011,40,12573,0,216,3093,25,13,20,8,75,356,10,76,185
2011-10-10,10,41,2011,41,12942,0,200,3232,28,12,13,9,77,314,16,66,106
2011-10-17,10,42,2011,42,14140,0,207,3228,26,9,21,8,48,311,8,116,138
2011-10-24,10,43,2011,43,11158,0,183,2368,26,10,23,4,51,358,17,55,208
2011-10-31,10,44,2011,44,11034,0,195,2668,27,16,22,8,64,315,13,74,149
2011-11-07,11,45,2011,45,9470,0,135,2241,28,10,15,16,45,222,13,43,155
2011-11-14,11,46,2011,46,11031,0,160,2770,28,8,29,6,37,259,6,68,146
2011-11-21,11,47,2011,47,6921,0,102,1733,26,9,15,5,37,182,5,48,104
2011-11-28,11,48,2011,48,13211,0,154,3192,36,5,16,7,31,284,9,88,126
2011-12-05,12,49,2011,49,15075,0,146,3617,35,15,16,11,36,200,7,100,171
2011-12-12,12,50,2011,50,12532,0,148,2978,34,6,30,12,29,175,7,69,147
2011-12-19,12,51,2011,51,10054,0,135,2326,38,13,23,11,34,221,4,75,113
2011-12-26,12,52,2011,52,9313,1,150,2321,32,15,20,16,31,94,6,33,117
2012-01-02,1,1,2012,1,6839,0,67,1792,32,2,7,6,21,70,4,25,77
2012-01-09,1,2,2012,2,8893,0,90,2329,35,6,11,7,27,119,10,53,130
2012-01-16,1,3,2012,3,11159,0,111,2693,31,4,30,8,16,113,14,58,108
2012-01-23,1,4,2012,4,11755,0,99,2808,20,7,17,5,19,119,12,76,163
2012-01-30,1,5,2012,5,12343,0,110,2841,32,9,19,13,17,92,12,60,157
2012-02-06,2,6,2012,6,11081,0,118,2384,31,13,17,10,19,55,8,77,84
2012-02-13,2,7,2012,7,11262,0,120,2627,35,20,19,14,19,72,1,82,164
2012-02-20,2,8,2012,8,10634,0,100,2350,28,10,34,10,12,83,4,56,175
2012-02-27,2,9,2012,9,12530,0,113,2901,36,16,29,8,17,74,5,77,204
2012-03-05,3,10,2012,10,11288,0,110,2519,21,14,33,17,23,125,6,64,180
2012-03-12,3,11,2012,11,11011,0,106,2553,24,9,21,11,21,66,4,69,207
2012-03-19,3,12,2012,12,13520,0,105,3038,38,15,20,8,15,89,2,112,124
2012-03-26,3,13,2012,13,12363,0,85,2797,24,9,23,6,18,113,9,96,198
2012-04-02,4,14,2012,14,9944,0,93,2264,25,6,28,5,15,113,7,65,120
2012-04-09,4,15,2012,15,13182,0,78,2805,27,7,16,10,23,93,5,73,224
2012-04-16,4,16,2012,16,11971,0,73,2938,26,8,18,12,11,172,5,86,168
2012-04-23,4,17,2012,17,12203,0,95,2635,23,10,83,10,12,135,14,94,157
2012-04-30,4,18,2012,18,11344,0,104,2751,29,22,13,8,14,130,7,47,209
2012-05-07,5,19,2012,19,11984,0,116,2869,32,20,22,5,24,203,10,99,163
2012-05-14,5,20,2012,20,13746,0,128,3259,34,19,28,10,28,95,13,98,140
2012-05-21,5,21,2012,21,9679,0,107,2313,13,11,16,12,37,124,12,50,190
2012-05-28,5,22,2012,22,9035,0,99,2090,18,13,30,10,37,109,8,49,139
2012-06-04,6,23,2012,23,10562,0,117,2430,27,10,19,11,30,127,10,85,110
2012-06-11,6,24,2012,24,7009,0,64,1626,27,15,9,12,24,160,6,56,75
2012-06-18,6,25,2012,25,8940,0,117,2294,18,6,29,7,39,137,13,64,80
2012-06-25,6,26,2012,26,9970,0,94,2267,20,10,20,7,37,212,13,62,39
2012-07-02,7,27,2012,27,8586,0,89,2214,14,7,18,16,35,161,15,42,68
2012-07-09,7,28,2012,28,11728,0,112,2985,22,17,8,15,28,266,18,63,40
2012-07-16,7,29,2012,29,13368,0,213,3370,21,10,24,12,39,248,13,84,71
2012-07-23,7,30,2012,30,11307,1,119,2822,22,11,23,12,22,254,10,65,46
2012-07-30,7,31,2012,31,12947,0,147,3235,22,8,18,17,38,249,12,87,65
2012-08-06,8,32,2012,32,11267,0,143,2893,24,11,19,9,40,236,12,56,79
2012-08-13,8,33,2012,33,14223,0,145,3571,22,8,14,12,37,236,10,106,52
2012-08-20,8,34,2012,34,12677,0,183,3251,22,16,25,21,68,163,17,93,43
2012-08-27,8,35,2012,35,10710,0,169,2710,17,15,22,11,48,138,19,52,57
2012-09-03,9,36,2012,36,10963,0,140,2830,28,13,13,19,31,101,8,68,52
2012-09-10,9,37,2012,37,14471,0,218,3512,15,17,21,24,40,156,20,90,131
2012-09-17,9,38,2012,38,12128,0,194,2847,24,21,20,26,48,173,9,62,99
2012-09-24,9,39,2012,39,16229,0,167,3887,14,10,26,12,35,161,15,97,138
2012-10-01,10,40,2012,40,12870,0,126,3313,20,19,30,15,39,151,12,119,96
2012-10-08,10,41,2012,41,10793,0,127,2487,19,10,19,6,46,75,10,63,131
2012-10-15,10,42,2012,42,13031,0,171,3271,28,12,25,12,45,119,13,94,118
2012-10-22,10,43,2012,43,11030,0,185,2725,16,6,24,13,40,95,6,67,95
2012-10-29,10,44,2012,44,12436,0,100,3131,17,6,12,17,30,100,5,82,107
2012-11-05,11,45,2012,45,10354,0,112,2417,23,12,27,11,23,97,6,87,147
2012-11-12,11,46,2012,46,10999,0,123,2773,24,17,17,8,37,75,3,46,88
2012-11-19,11,47,2012,47,7376,0,120,1595,26,12,14,6,24,86,4,49,95
2012-11-26,11,48,2012,48,12434,0,122,3081,38,12,23,7,40,192,14,79,133
2012-12-03,12,49,2012,49,11765,0,92,2938,38,3,22,11,25,119,4,48,121
2012-12-10,12,50,2012,50,10443,0,106,2595,27,5,16,18,14,89,2,48,145
2012-12-17,12,51,2012,51,7261,0,125,1734,31,21,23,6,18,120,8,28,61
2012-12-24,12,52,2012,52,4664,0,80,956,35,5,15,7,15,54,4,16,11
2012-12-31,12,1,2012,52,4664,0,80,956,35,5,15,7,15,54,4,16,11
2013-01-07,1,2,2013,2,5952,0,47,1421,29,1,11,2,9,33,8,30,39
2013-01-14,1,3,2013,3,11469,0,67,2832,37,8,14,4,16,65,4,75,30
2013-01-21,1,4,2013,4,14066,0,97,3441,26,5,12,5,19,35,13,62,41
2013-01-28,1,5,2013,5,14049,0,116,3192,36,7,20,4,9,30,9,85,32
2013-02-04,2,6,2013,6,13116,0,110,3219,53,18,22,16,21,35,13,72,55
2013-02-11,2,7,2013,7,11026,0,84,2542,40,23,26,15,16,28,10,71,39
2013-02-18,2,8,2013,8,10993,0,127,2497,36,13,18,14,27,44,7,53,104
2013-02-25,2,9,2013,9,9350,0,107,1977,49,12,32,6,23,42,6,54,83
2013-03-04,3,10,2013,10,12629,0,132,2908,32,10,19,15,22,61,6,63,88
2013-03-11,3,11,2013,11,13520,0,118,3098,38,8,10,15,17,25,6,68,76
2013-03-18,3,12,2013,12,12158,0,98,2771,12,6,8,3,16,20,2,86,96
2013-03-25,3,13,2013,13,14284,0,173,3256,30,6,22,9,10,31,4,79,119
2013-04-01,4,14,2013,14,10737,0,119,2435,29,15,18,27,21,36,7,62,84
2013-04-08,4,15,2013,15,10339,0,106,2415,24,7,24,19,14,50,12,59,89
2013-04-15,4,16,2013,16,11043,0,149,2484,39,14,20,7,9,57,6,70,83
2013-04-22,4,17,2013,17,11370,0,125,2583,37,15,23,16,9,47,8,79,101
2013-04-29,4,18,2013,18,12066,0,111,2637,34,7,21,8,13,56,5,80,140
2013-05-06,5,19,2013,19,11255,0,102,2640,32,11,21,8,12,89,11,83,129
2013-05-13,5,20,2013,20,13564,0,117,3054,36,11,34,14,17,69,9,84,111
2013-05-20,5,21,2013,21,13107,0,133,2888,46,13,15,16,25,73,10,76,126
2013-05-27,5,22,2013,22,10577,0,91,2380,23,9,27,9,14,63,11,76,91
2013-06-03,6,23,2013,23,9720,0,100,2290,27,10,19,17,30,76,10,60,88
2013-06-10,6,24,2013,24,14901,0,113,3387,39,14,38,17,51,124,7,135,160
2013-06-17,6,25,2013,25,12269,0,95,2963,17,11,18,10,45,137,6,60,93
2013-06-24,6,26,2013,26,14562,0,149,3517,27,7,18,24,90,209,13,102,82
2013-07-01,7,27,2013,27,10271,0,102,2307,40,10,15,11,105,272,8,68,59
2013-07-08,7,28,2013,28,11275,0,108,2529,19,10,23,6,79,267,9,75,45
2013-07-15,7,29,2013,29,12299,0,157,3164,28,12,25,7,82,456,17,73,63
2013-07-22,7,30,2013,30,14609,0,190,3530,24,17,15,7,117,443,19,109,45
2013-07-29,7,31,2013,31,12016,0,178,2875,25,11,19,14,128,547,17,63,70
2013-08-05,8,32,2013,32,11178,0,214,2641,18,13,22,15,56,518,19,76,35
2013-08-12,8,33,2013,33,10000,0,201,2432,25,15,21,5,39,458,8,75,61
2013-08-19,8,34,2013,34,14383,0,190,3384,31,15,24,19,67,376,7,119,58
2013-08-26,8,35,2013,35,10743,0,185,2546,11,11,9,3,64,354,12,71,97
2013-09-02,9,36,2013,36,11448,1,191,2724,26,10,4,15,53,292,6,90,106
2013-09-09,9,37,2013,37,9375,0,182,2298,26,12,15,6,49,217,24,78,81
2013-09-16,9,38,2013,38,14162,0,196,3411,15,15,21,7,41,232,13,126,105
2013-09-23,9,39,2013,39,15293,0,28,181,5,15,12,15,28,181,5,198,106
2013-09-30,9,40,2013,40,11519,1,186,2873,20,19,24,27,36,118,12,72,95
2013-10-07,10,41,2013,41,14105,0,211,3459,39,19,30,18,52,323,11,91,123
2013-10-14,10,42,2013,42,11592,0,166,2755,28,22,15,8,47,176,4,65,95
2013-10-21,10,43,2013,43,12945,0,187,3214,31,14,18,6,33,148,11,115,160
2013-10-28,10,44,2013,44,14918,0,193,3469,24,17,22,12,33,212,9,112,125
2013-11-04,11,45,2013,45,15559,0,204,3742,25,18,19,13,56,250,10,152,134
2013-11-11,11,46,2013,46,10546,0,140,2448,19,10,15,16,27,113,18,94,114
2013-11-18,11,47,2013,47,12865,0,122,3107,21,7,22,9,25,144,7,98,140
2013-11-25,11,48,2013,48,9305,0,178,2224,16,8,12,8,18,156,5,93,68
2013-12-02,12,49,2013,49,7658,0,104,1723,18,9,24,26,21,81,6,45,78
2013-12-09,12,50,2013,50,11666,0,132,3140,41,13,27,32,46,101,12,94,115
2013-12-16,12,51,2013,51,14062,0,122,3771,34,9,22,16,33,110,7,135,121
2013-12-23,12,52,2013,52,11438,0,186,3117,44,9,29,17,39,70,11,82,97
2013-12-30,12,1,2013,1,5204,0,107,1255,25,9,52,32,20,56,4,40,53
2014-01-06,1,2,2014,2,9183,0,62,2444,26,7,9,1,16,10,7,55,24
2014-01-13,1,3,2014,3,12163,0,102,3067,50,6,15,8,25,16,8,102,50
2014-01-20,1,4,2014,4,10630,0,113,2474,34,8,21,4,29,21,8,86,88
2014-01-27,1,5,2014,5,8724,0,92,2083,23,7,29,10,15,16,9,51,109
2014-02-03,2,6,2014,6,11731,0,129,2738,29,7,24,16,38,31,13,84,67
2014-02-10,2,7,2014,7,12429,0,144,2907,26,8,24,18,17,32,6,103,81
2014-02-17,2,8,2014,8,11336,0,121,2841,35,9,16,12,25,27,10,80,74
2014-02-24,2,9,2014,9,11741,0,93,2815,29,12,16,12,17,24,11,73,83
2014-03-03,3,10,2014,10,12996,0,115,2820,25,8,20,16,13,44,12,120,87
2014-03-10,3,11,2014,11,15078,0,114,3407,30,9,30,6,30,45,8,98,89
2014-03-17,3,12,2014,12,14935,0,121,3386,21,8,22,13,38,25,14,121,68
2014-03-24,3,13,2014,13,11755,0,137,2809,34,9,18,14,30,45,4,82,108
2014-03-31,3,14,2014,14,13592,0,133,2782,33,10,33,20,36,40,10,103,120
2014-04-07,4,15,2014,15,15122,0,127,3324,35,5,24,15,26,67,11,97,94
2014-04-14,4,16,2014,16,9866,0,91,2398,17,6,26,9,29,24,3,82,113
2014-04-21,4,17,2014,17,12436,0,135,3053,31,9,26,17,37,76,12,74,89
2014-04-28,4,18,2014,18,11089,0,93,2501,25,7,25,13,24,489,2,79,125
2014-05-05,5,19,2014,19,12667,0,176,3060,26,16,28,10,34,103,7,126,155
2014-05-12,5,20,2014,20,11358,0,165,2638,33,14,22,15,39,157,10,101,109
2014-05-19,5,21,2014,21,14528,0,174,3246,33,10,31,13,32,177,13,132,147
2014-05-26,5,22,2014,22,10328,0,124,2429,33,15,19,14,27,174,10,91,116
2014-06-02,6,23,2014,23,11963,0,129,2965,28,7,26,12,37,178,11,127,118
2014-06-09,6,24,2014,24,12251,0,145,2861,36,14,32,12,37,243,17,119,146
2014-06-16,6,25,2014,25,12296,0,117,2909,32,4,31,8,44,270,10,125,124
2014-06-23,6,26,2014,26,13326,0,148,3074,27,10,12,11,67,333,18,95,102
2014-06-30,6,27,2014,27,10933,0,146,2609,32,11,23,10,93,429,22,104,74
2014-07-07,7,28,2014,28,8309,0,99,2045,30,8,23,17,93,363,23,73,65
2014-07-14,7,29,2014,29,11712,0,145,2911,39,9,25,25,70,509,14,105,53
2014-07-21,7,30,2014,30,13456,0,181,3281,28,8,17,17,59,439,34,109,79
2014-07-28,7,31,2014,31,11418,0,172,2873,35,11,18,14,79,500,13,97,84
2014-08-04,8,32,2014,32,13679,0,185,3310,26,15,95,22,102,494,24,88,79
2014-08-11,8,33,2014,33,13271,0,182,3167,30,15,68,8,57,403,19,112,65
2014-08-18,8,34,2014,34,12035,0,227,3213,31,12,70,16,85,370,25,108,58
2014-08-25,8,35,2014,35,14406,0,225,3577,33,11,16,16,62,393,30,137,64
2014-09-01,9,36,2014,36,11230,0,218,2680,22,8,23,9,76,324,25,87,87
2014-09-08,9,37,2014,37,9257,0,145,2337,15,14,20,8,56,238,27,56,81
2014-09-15,9,38,2014,38,13665,0,217,3462,20,14,32,4,60,289,31,111,114
2014-09-22,9,39,2014,39,12947,0,186,3249,21,5,28,11,74,230,13,102,119
2014-09-29,9,40,2014,40,12832,0,248,2752,22,9,25,16,79,228,18,85,110
2014-10-06,10,41,2014,41,11751,0,203,2803,23,10,23,20,57,194,22,89,123
2014-10-13,10,42,2014,42,14412,0,183,3370,24,9,14,6,60,169,16,131,106
2014-10-20,10,43,2014,43,14113,0,195,3176,33,8,27,11,41,157,12,103,86
2014-10-27,10,44,2014,44,10689,0,159,2460,24,10,13,7,61,153,17,98,120
2014-11-03,11,45,2014,45,12714,0,167,3049,27,8,15,8,73,140,14,92,141
2014-11-10,11,46,2014,46,10750,0,182,2559,21,9,13,19,54,135,9,95,138
2014-11-17,11,47,2014,47,13327,0,125,3271,19,11,25,7,56,141,13,85,123
2014-11-24,11,48,2014,48,10344,0,125,2229,23,13,16,14,44,230,5,70,101
2014-12-01,12,49,2014,49,8692,0,110,1918,26,5,28,29,40,82,5,59,69
2014-12-08,12,50,2014,50,15322,0,138,3876,34,12,25,29,49,110,13,145,73
2014-12-15,12,51,2014,51,12752,0,124,2966,21,12,13,11,44,176,7,98,71
2014-12-22,12,52,2014,52,13540,0,135,3222,28,15,31,20,43,112,16,137,100
2014-12-29,12,1,2014,1,5554,0,116,1669,27,3,7,4,33,51,2,54,47
2015-01-05,1,2,2014,2,9889,0,79,2908,47,9,13,18,26,64,8,90,32
2015-01-12,1,3,2015,3,10577,0,101,2182,47,10,19,10,44,28,8,67,68
2015-01-19,1,4,2015,4,13282,0,95,3028,40,7,24,13,32,33,8,101,58
2015-01-26,1,5,2015,5,14212,0,120,2996,39,6,13,18,30,30,7,97,70
2015-02-02,2,6,2015,6,14619,0,120,4052,35,11,26,6,40,82,5,129,81
2015-02-09,2,7,2015,7,10355,1,140,2375,35,12,26,7,25,55,4,80,57
2015-02-16,2,8,2015,8,10450,0,95,2552,22,8,20,9,36,33,4,80,105
2015-02-23,2,9,2015,9,10986,0,129,3,33,8,109,7,37,38,3,113,99
2015-03-02,3,10,2015,10,11754,0,117,3665,24,9,33,38,25,39,6,101,96
2015-03-09,3,11,2015,11,13248,0,157,3126,37,11,27,16,31,42,7,121,101
2015-03-16,3,12,2015,12,14341,0,128,3574,28,14,22,16,30,35,2,139,93
2015-03-23,3,13,2015,13,15184,0,84,3551,38,8,24,14,38,48,1,136,107
2015-03-30,3,14,2015,14,10759,0,111,2535,33,7,38,11,39,39,4,107,73
2015-04-06,4,15,2015,15,10252,0,109,2404,33,20,19,8,32,46,3,136,85
2015-04-13,4,16,2015,16,15619,0,120,3875,29,15,29,16,39,47,9,143,136
2015-04-20,4,17,2015,17,14881,0,112,3538,49,20,24,9,34,59,7,164,115
2015-04-27,4,18,2015,18,12090,0,98,3,31,9,24,13,45,789,5,99,122
2015-05-04,5,19,2015,19,12255,0,105,3,52,10,29,11,34,1331,8,101,102
2015-05-11,5,20,2015,20,11831,0,143,2950,28,20,23,11,49,784,24,94,115
2015-05-18,5,21,2015,21,9930,0,88,2,32,10,20,12,48,52,10,99,72
2015-05-25,5,22,2015,22,10343,0,94,2778,33,14,20,13,42,94,11,79,76
2015-06-01,6,23,2015,23,12149,0,156,3118,44,14,18,4,48,158,11,153,80
2015-06-08,6,24,2015,24,11384,0,96,2892,33,10,26,9,40,181,13,120,76
2015-06-15,6,25,2015,25,15433,0,97,4264,32,13,20,9,58,292,16,129,66
2015-06-22,6,26,2015,26,9890,0,113,2600,40,13,26,14,47,331,17,93,62
2015-06-29,6,27,2015,27,10683,0,95,2769,33,13,21,23,60,328,12,95,41
2015-07-06,7,28,2015,28,16612,0,125,4047,44,21,23,15,132,494,33,137,58
2015-07-13,7,29,2015,29,14282,0,132,3680,33,13,35,16,116,525,17,145,51
2015-07-20,7,30,2015,30,12659,0,140,3416,34,16,25,15,126,540,19,146,58
2015-07-27,7,31,2015,31,12010,0,132,3072,19,20,23,18,112,522,8,106,48
2015-08-03,8,32,2015,32,12184,0,170,3271,50,12,30,19,102,509,20,128,52
2015-08-10,8,33,2015,33,12127,0,199,2983,38,11,29,15,164,435,29,134,61
2015-08-17,8,34,2015,34,12976,0,181,3325,24,16,20,12,73,406,33,129,55
2015-08-24,8,35,2015,35,17278,0,169,4207,21,16,32,13,65,284,25,174,82
2015-08-31,8,36,2015,36,13825,0,165,3379,30,13,25,12,57,305,17,112,66
2015-09-07,9,37,2015,37,12519,0,137,3465,83,11,36,13,61,202,24,111,58
2015-09-14,9,38,2015,38,17174,0,168,4886,31,15,20,10,57,267,17,144,126
2015-09-21,9,39,2015,39,16407,0,161,4534,29,18,33,12,76,188,19,140,137
2015-09-28,9,40,2015,40,16254,0,170,4512,37,12,25,15,91,249,12,146,95
2015-10-05,10,41,2015,41,15590,0,144,4206,34,15,40,17,59,231,16,130,105
2015-10-12,10,42,2015,42,16011,0,186,4255,32,10,24,12,85,153,13,123,85
2015-10-19,10,43,2015,43,17106,0,195,4482,27,7,17,13,71,176,14,150,100
2015-10-26,10,44,2015,44,17221,0,170,5004,44,7,29,14,55,167,20,137,115
2015-11-02,11,45,2015,45,14740,0,225,4030,36,13,35,10,37,210,15,96,84
2015-11-09,11,46,2015,46,16571,0,177,4299,24,10,22,10,39,130,15,90,90
2015-11-16,11,47,2015,47,15040,0,147,4018,29,5,44,10,39,133,22,130,106
2015-11-23,11,48,2015,48,10963,0,86,2779,29,7,15,21,37,90,6,75,66
2015-11-30,11,49,2015,49,16152,0,108,4795,36,19,37,17,45,178,19,140,98
2015-12-07,12,50,2015,50,16685,0,112,4882,44,13,21,14,42,139,10,191,97
2015-12-14,12,51,2015,51,15286,0,142,4167,34,16,22,8,37,118,7,134,109
2015-12-21,12,52,2015,52,10247,0,88,2878,39,7,19,16,31,80,9,80,54
2015-12-28,12,53,2015,53,11024,0,115,3207,44,13,29,13,23,71,8,99,59
2016-01-04,1,1,2016,1,11455,0,84,3871,55,9,20,9,38,48,11,66,78
2016-01-11,1,2,2016,2,12933,0,90,3751,52,12,16,7,28,49,4,99,81
2016-01-18,1,3,2016,3,13503,0,103,3711,44,5,24,13,52,55,5,74,55
2016-01-25,1,4,2016,4,13615,0,113,3725,52,13,21,12,32,53,4,99,119
2016-02-01,2,5,2016,5,12431,0,126,3118,52,16,23,13,26,56,13,67,84
2016-02-08,2,6,2016,6,14148,1,99,3714,44,17,19,7,18,62,10,73,98
2016-02-15,2,7,2016,7,10756,0,111,2738,42,10,21,15,29,39,5,56,65
2016-02-22,2,8,2016,8,13048,0,152,3131,37,7,30,12,26,47,8,94,106
2016-02-29,2,9,2016,9,15739,0,102,3949,57,14,20,10,21,53,6,91,97
2016-03-07,3,10,2016,10,16259,0,123,4109,41,12,16,13,26,54,8,93,57
2016-03-14,3,11,2016,11,15580,0,105,3969,33,7,20,4,30,50,5,96,78
2016-03-21,3,12,2016,12,15595,0,116,3966,44,10,15,6,40,73,10,84,92
2016-03-28,3,13,2016,13,14552,0,124,3976,36,14,33,15,35,78,7,89,97
2016-04-04,4,14,2016,14,16154,0,141,3862,43,4,18,11,25,57,5,108,97
2016-04-11,4,15,2016,15,16220,0,163,3895,107,11,31,12,26,55,10,87,97
2016-04-18,4,16,2016,16,14126,0,143,3411,37,19,19,10,25,635,13,99,86
2016-04-25,4,17,2016,17,15551,0,138,4040,48,18,18,13,22,64,12,126,89
2016-05-02,5,18,2016,18,16725,0,138,4190,39,11,13,18,27,342,6,97,95
2016-05-09,5,19,2016,19,14789,0,102,4582,37,13,19,14,29,416,14,126,123
2016-05-16,5,20,2016,20,16236,0,124,4665,27,12,19,15,30,350,17,125,95
2016-05-23,5,21,2016,21,12822,0,104,3392,46,14,24,12,27,120,5,92,100
2016-05-30,5,22,2016,22,11258,0,88,3159,44,13,16,11,25,78,10,76,78
2016-06-06,6,23,2016,23,14733,1,160,4140,35,10,19,18,50,187,21,94,105
2016-06-13,6,24,2016,24,14490,0,132,4190,29,22,15,14,38,287,21,86,54
2016-06-20,6,25,2016,25,16054,0,95,4617,28,7,24,12,47,295,14,90,66
2016-06-27,6,26,2016,26,14724,0,123,4168,30,8,20,15,51,362,21,118,49
2016-07-04,7,27,2016,27,12121,0,87,3501,24,5,9,6,55,284,13,71,34
2016-07-11,7,28,2016,28,12489,0,115,3832,30,15,25,15,56,448,15,55,56
2016-07-18,7,29,2016,29,14708,0,160,4418,36,16,22,24,64,501,20,97,44
2016-07-25,7,30,2016,30,11800,0,143,3538,23,22,24,15,44,452,19,109,45
2016-08-01,8,31,2016,31,15396,0,141,4651,22,9,9,6,47,331,13,96,43
2016-08-08,8,32,2016,32,16501,1,120,4756,36,15,19,22,67,410,29,88,41
2016-08-15,8,33,2016,33,16039,0,142,4774,22,24,25,14,57,273,20,103,43
2016-08-22,8,34,2016,34,17130,0,201,5109,26,44,27,9,59,316,43,113,53
2016-08-29,8,35,2016,35,15552,2,146,4546,20,52,21,18,78,232,27,101,65
2016-09-05,9,36,2016,36,13638,1,150,4230,33,35,16,12,78,196,16,99,79
2016-09-12,9,37,2016,37,17043,0,158,5149,37,23,20,7,74,195,36,115,95
2016-09-19,9,38,2016,38,17126,0,131,5167,29,26,31,11,81,236,28,121,85
2016-09-26,9,39,2016,39,15114,0,200,4494,39,10,19,12,43,218,25,97,91
2016-10-03,10,40,2016,40,14456,0,120,4291,26,8,13,7,51,125,16,80,52
2016-10-10,10,41,2016,41,15623,0,150,4962,26,21,28,7,101,171,18,91,74
2016-10-17,10,42,2016,42,14764,0,108,4413,38,15,14,14,109,182,24,88,74
2016-10-24,10,43,2016,43,15259,0,145,4483,44,21,17,9,78,140,25,102,85
2016-10-31,10,44,2016,44,14732,0,150,4607,29,13,20,9,91,176,18,100,88
2016-11-07,11,45,2016,45,12753,0,96,3853,25,11,21,6,52,104,13,86,89
2016-11-14,11,46,2016,46,8685,0,153,2408,33,8,17,12,70,72,8,76,73
2016-11-21,11,47,2016,47,9693,0,82,3123,34,11,14,6,47,71,11,64,38
2016-11-28,11,48,2016,48,15345,0,126,4970,58,14,33,9,77,156,13,105,76
2016-12-05,12,49,2016,49,15890,0,246,4912,49,16,32,13,74,82,21,109,105
2016-12-12,12,50,2016,50,16791,0,112,5091,49,8,36,13,66,97,13,110,79
2016-12-19,12,51,2016,51,8998,0,121,2699,35,11,18,10,43,113,11,68,44
2016-12-26,12,52,2016,52,7522,1,73,2323,21,6,19,8,32,77,10,44,44
2017-01-02,1,1,2017,1,8286,1,59,2673,35,7,13,4,43,0,10,57,38
2017-01-09,1,2,2017,2,12393,0,87,4092,39,7,23,9,41,0,11,85,50
2017-01-16,1,3,2017,3,12149,0,80,3529,33,10,16,6,36,0,15,80,71
2017-01-23,1,4,2017,4,16566,0,113,4898,59,9,17,10,24,0,21,116,75
2017-01-30,1,5,2017,5,17219,0,91,4896,36,11,23,11,30,0,11,122,73
2017-02-06,2,6,2017,6,14398,0,95,4215,50,12,11,9,35,0,7,90,57
2017-02-13,2,7,2017,7,14804,0,100,5994,33,11,19,8,35,0,18,88,76
2017-02-20,2,8,2017,8,13450,0,90,3913,30,11,16,17,24,0,8,84,81
2017-02-27,2,9,2017,9,15113,0,96,4676,33,11,24,13,21,0,7,93,81
2017-03-06,3,10,2017,10,14420,0,46,4254,32,13,22,8,18,0,8,93,87
2017-03-13,3,11,2017,11,11612,0,54,3342,37,10,27,10,20,0,5,60,79
2017-03-20,3,12,2017,12,15023,0,115,4350,33,13,22,12,12,0,9,122,84
2017-03-27,3,13,2017,13,14739,0,117,4321,49,17,27,10,24,0,6,123,60
2017-04-03,4,14,2017,14,15810,0,126,4831,39,12,27,14,28,0,8,110,75
2017-04-10,4,15,2017,15,12684,0,80,3783,45,13,10,10,19,0,14,80,54
2017-04-17,4,16,2017,16,15778,0,93,4812,56,8,19,12,24,0,11,126,69
2017-04-24,4,17,2017,17,15756,0,124,4870,41,8,12,11,39,0,2,79,89
2017-05-01,5,18,2017,18,15819,0,131,4631,48,22,22,13,37,0,14,111,92
2017-05-08,5,19,2017,19,16370,0,96,4852,46,11,23,11,35,0,14,101,88
2017-05-15,5,20,2017,20,14259,0,116,4188,50,16,15,13,45,0,9,120,68
2017-05-22,5,21,2017,21,13699,0,117,4091,47,18,29,16,60,0,23,107,74
2017-05-29,5,22,2017,22,12343,0,90,4001,38,7,11,4,64,0,19,87,55
2017-06-05,6,23,2017,23,12187,0,111,3747,52,19,21,15,55,0,16,66,52
2017-06-12,6,24,2017,24,15383,0,122,5208,47,19,29,22,72,0,18,117,41
2017-06-19,6,25,2017,25,15172,0,110,4885,49,8,18,13,39,0,5,107,43
2017-06-26,6,26,2017,26,12933,0,97,4310,39,14,10,7,50,0,18,103,33
2017-07-03,7,27,2017,27,12812,0,81,4480,34,8,18,4,91,0,14,71,35
2017-07-10,7,28,2017,28,14110,0,146,4745,45,16,26,10,117,0,12,98,60
2017-07-17,7,29,2017,29,14410,0,161,4944,35,17,15,16,92,0,25,79,64
2017-07-24,7,30,2017,30,17711,0,119,5975,35,14,14,10,111,0,18,115,39
2017-07-31,7,31,2017,31,16803,0,103,5629,29,12,11,12,80,0,20,120,42
2017-08-07,8,32,2017,32,18367,0,141,5835,28,18,13,11,84,0,26,126,55
2017-08-14,8,33,2017,33,17421,0,169,5667,29,14,16,5,57,0,23,108,50
2017-08-21,8,34,2017,34,15967,0,130,4974,34,18,12,9,77,0,35,115,47
2017-08-28,8,35,2017,35,15529,0,150,4987,35,14,17,8,91,0,25,109,46
2017-09-04,9,36,2017,36,8751,0,112,2955,29,16,11,5,66,0,28,51,48
2017-09-11,9,37,2017,37,14166,0,164,4826,35,18,36,12,84,0,23,62,51
2017-09-18,9,38,2017,38,18303,0,201,6088,28,17,14,8,107,0,17,151,101
2017-09-25,9,39,2017,39,17587,0,151,5853,41,22,10,3,63,0,22,113,64
2017-10-02,10,40,2017,40,17789,0,177,5825,34,18,14,5,51,0,16,114,71
2017-10-09,10,41,2017,41,16519,0,112,5327,45,19,12,7,46,0,15,111,70
2017-10-16,10,42,2017,42,16186,0,132,5565,37,20,6,8,74,0,20,100,67
2017-10-23,10,43,2017,43,12924,0,159,4354,36,10,8,7,83,0,20,61,98
2017-10-30,10,44,2017,44,16908,0,98,5621,43,23,11,5,89,0,21,108,94
2017-11-06,11,45,2017,45,9893,0,84,3338,39,18,10,8,52,0,6,53,76
2017-11-13,11,46,2017,46,11710,0,91,4005,40,22,10,16,62,0,7,66,100
2017-11-20,11,47,2017,47,9044,0,67,2834,30,10,5,4,34,0,8,55,62
2017-11-27,11,48,2017,48,15800,0,99,5705,68,12,9,19,54,0,18,98,104
2017-12-04,12,49,2017,49,14228,0,87,4868,49,28,9,8,35,0,11,119,66
2017-12-11,12,50,2017,50,15557,4,109,5226,38,21,10,10,23,0,7,111,84
2017-12-18,12,51,2017,51,4452,0,67,1483,44,17,5,3,12,0,8,29,57
2017-12-25,12,52,2017,52,4935,0,42,1568,22,10,2,3,11,0,12,20,26
2018-01-01,1,1,2018,1,3741,0,43,1520,34,19,8,5,16,0,7,15,51
2018-01-08,1,2,2018,2,9071,0,48,3210,56,20,1,6,23,0,4,52,51
2018-01-15,1,3,2018,3,9176,0,90,2902,67,19,9,5,22,0,11,40,63
2018-01-22,1,4,2018,4,11525,0,79,3623,49,23,11,15,21,0,12,68,61
2018-01-29,1,5,2018,5,14952,0,100,4739,57,22,10,8,28,0,15,105,60
2018-02-05,2,6,2018,6,14435,0,88,4454,35,20,20,14,25,0,7,89,76
2018-02-12,2,7,2018,7,13423,0,72,4002,50,24,15,4,25,0,7,99,68
2018-02-19,2,8,2018,8,13881,0,66,4358,31,17,8,12,14,0,2,90,56
2018-02-26,2,9,2018,9,15229,0,89,4498,45,31,14,10,30,0,10,93,71
2018-03-05,3,10,2018,10,10804,0,78,3202,51,30,7,7,21,0,4,82,49
2018-03-12,3,11,2018,11,16152,0,102,4667,51,41,11,18,37,0,4,96,56
2018-03-19,3,12,2018,12,13821,0,123,4399,71,40,19,19,32,0,7,111,64
2018-03-26,3,13,2018,13,12158,0,80,3588,39,52,8,7,18,0,1,67,67
2018-04-02,4,14,2018,14,14268,0,106,4339,64,50,13,5,17,0,6,103,63
2018-04-09,4,15,2018,15,15402,0,66,4781,63,47,14,9,22,0,4,98,65
2018-04-16,4,16,2018,16,13094,0,88,3802,36,57,8,17,15,0,7,87,56
2018-04-23,4,17,2018,17,13263,0,107,3977,45,81,4,10,19,0,9,73,67
2018-04-30,4,18,2018,18,16466,0,75,4941,36,59,7,9,35,0,7,80,63
2018-05-07,5,19,2018,19,13395,0,114,3920,50,75,20,16,28,0,20,87,88
2018-05-14,5,20,2018,20,14462,0,124,4571,58,71,13,13,30,0,10,92,71
2018-05-21,5,21,2018,21,11941,0,103,3951,41,53,7,11,22,0,10,78,68
2018-05-28,5,22,2018,22,11105,0,123,3719,54,84,5,10,40,0,14,58,52
2018-06-04,6,23,2018,23,14508,0,110,4676,41,82,6,10,62,0,15,110,98
2018-06-11,6,24,2018,24,12982,0,122,4048,45,84,15,12,104,0,17,51,55
2018-06-18,6,25,2018,25,15240,0,103,5068,28,70,10,10,103,0,16,110,45
2018-06-25,6,26,2018,26,14696,0,128,4834,55,112,7,15,27,0,17,107,60
2018-07-02,7,27,2018,27,11705,0,112,3768,36,79,4,6,79,0,4,59,43
2018-07-09,7,28,2018,28,14021,0,127,4665,27,36,6,12,143,0,9,112,60
2018-07-16,7,29,2018,29,13048,0,128,4307,31,114,4,7,88,0,11,102,47
2018-07-23,7,30,2018,30,13732,0,119,4551,37,57,12,6,48,0,10,87,38
2018-07-30,7,31,2018,31,14069,0,143,4592,36,109,14,9,81,0,9,76,61
2018-08-06,8,32,2018,32,13363,0,157,4091,27,118,14,8,130,0,19,80,44
2018-08-13,8,33,2018,33,19086,0,135,6233,32,100,14,13,118,0,17,115,44
2018-08-20,8,34,2018,34,15607,0,169,5022,36,147,21,6,114,0,17,101,60
2018-08-27,8,35,2018,35,14767,0,134,4889,27,124,13,11,121,0,17,94,27
2018-09-03,9,36,2018,36,13102,0,130,4436,28,128,19,7,143,0,11,70,51
2018-09-10,9,37,2018,37,15063,0,171,5212,48,156,13,4,104,0,9,98,71
2018-09-17,9,38,2018,38,12136,0,153,4193,39,69,10,6,84,0,9,73,51
2018-09-24,9,39,2018,39,15309,0,143,5037,37,175,13,12,110,0,10,111,60
2018-10-01,10,40,2018,40,11523,0,124,3769,35,156,13,11,145,0,11,61,41
2018-10-08,10,41,2018,41,15408,0,126,5178,38,185,13,8,155,0,8,93,46
2018-10-15,10,42,2018,42,14428,0,107,4720,27,134,11,5,148,0,8,126,85
2018-10-22,10,43,2018,43,12829,0,118,4229,48,160,13,4,112,0,7,112,90
2018-10-29,10,44,2018,44,15715,0,133,4948,42,206,12,7,105,0,14,120,81
2018-11-05,11,45,2018,45,13314,0,103,4219,32,139,8,6,47,0,8,112,58
2018-11-12,11,46,2018,46,12621,0,81,4280,37,182,9,9,81,0,4,76,88
2018-11-19,11,47,2018,47,12013,0,101,4040,47,213,13,8,87,0,5,75,78
2018-11-26,11,48,2018,48,11406,0,121,3800,57,245,18,9,94,0,6,77,68
2018-12-03,12,49,2018,49,14555,0,108,4918,41,301,12,12,72,0,8,100,78
2018-12-10,12,50,2018,50,14540,0,93,4634,43,235,11,11,53,0,9,111,72
2018-12-17,12,51,2018,51,4879,0,89,1525,26,145,6,7,35,0,8,24,95
2018-12-24,12,52,2018,52,3793,0,46,1337,25,74,3,2,12,0,2,28,95
2018-12-31,12,1,2018,52,3793,0,46,1337,25,74,3,2,12,0,2,28,95
2019-01-07,1,2,2019,2,5084,0,65,1735,42,123,2,2,26,0,0,24,23
2019-01-14,1,3,2019,3,10452,0,73,3392,65,220,6,3,32,0,3,48,57
2019-01-21,1,4,2019,4,11217,0,64,3423,43,200,4,7,43,0,10,51,51
2019-01-28,1,5,2019,5,9511,0,111,2695,45,176,16,11,34,0,10,50,70
2019-02-04,2,6,2019,6,11250,0,100,3288,37,190,15,4,23,0,8,57,44
2019-02-11,2,7,2019,7,10801,0,88,3288,4,179,13,3,30,0,12,48,51
2019-02-18,2,8,2019,8,10121,0,87,3120,60,186,10,2,27,0,8,56,52
2019-02-25,2,9,2019,9,9809,0,112,3005,48,209,10,8,29,0,3,58,43
2019-03-04,3,10,2019,10,11124,0,65,3216,69,180,13,2,40,0,4,58,62
2019-03-11,3,11,2019,11,9594,0,85,2684,53,164,11,2,20,0,6,53,88
2019-03-18,3,12,2019,12,9577,0,83,2937,60,217,26,6,13,0,9,57,59
2019-03-25,3,13,2019,13,10470,0,95,3186,4,146,18,9,17,0,9,52,63
2019-04-01,4,14,2019,14,11054,0,91,3153,6,190,10,1,16,0,3,51,49
2019-04-08,4,15,2019,15,11493,0,83,3420,54,137,11,1,28,0,9,53,78
2019-04-15,4,16,2019,16,9459,0,84,2900,43,131,12,5,28,0,5,73,47
2019-04-22,4,17,2019,17,11129,0,117,3274,57,149,5,0,33,0,5,64,56
2019-04-29,4,18,2019,18,12711,0,121,3808,47,192,26,33,41,0,6,67,64
2019-05-06,5,19,2019,19,11859,1,72,3431,45,142,53,31,23,0,10,55,75
2019-05-13,5,20,2019,20,11962,1,83,3563,39,131,15,7,16,0,6,73,49
2019-05-20,5,21,2019,21,12953,0,88,3862,59,147,12,8,41,0,6,75,74
2019-05-27,5,22,2019,22,10668,1,102,3276,40,200,35,31,38,0,9,84,69
2019-06-03,6,23,2019,23,9287,1,100,2985,60,155,18,23,54,0,15,32,70
2019-06-10,6,24,2019,24,10963,0,78,3422,46,138,28,12,52,0,5,81,58
2019-06-17,6,25,2019,25,10968,1,193,3441,73,175,5,11,81,0,6,58,61
2019-06-24,6,26,2019,26,11933,0,134,3740,62,157,12,19,91,0,7,58,40
2019-07-01,7,27,2019,27,11380,0,135,3567,59,131,21,5,104,0,16,46,60
2019-07-08,7,28,2019,28,8144,0,105,2668,33,110,13,11,109,0,10,33,48
2019-07-15,7,29,2019,29,11584,0,97,3919,42,142,22,14,179,0,18,69,82
2019-07-22,7,30,2019,30,13243,0,135,4246,52,165,12,16,78,0,22,55,56
2019-07-29,7,31,2019,31,11861,0,126,3797,49,131,14,13,66,0,18,56,51
2019-08-05,8,32,2019,32,12492,0,133,4219,34,162,12,13,94,0,10,65,66
2019-08-12,8,33,2019,33,9994,3,141,3485,33,122,13,12,99,0,17,53,49
2019-08-19,8,34,2019,34,13085,6,179,4368,45,154,8,6,65,0,25,59,57
2019-08-26,8,35,2019,35,10547,4,162,3497,40,166,30,20,80,0,24,86,64
2019-09-02,9,36,2019,36,12019,7,136,3909,22,101,11,10,76,0,12,53,74
2019-09-09,9,37,2019,37,9026,7,128,3127,37,128,17,24,101,0,24,63,85
2019-09-16,9,38,2019,38,11483,16,150,4023,41,177,21,20,106,0,22,62,89
2019-09-23,9,39,2019,39,12340,11,151,4207,35,100,28,16,98,0,29,76,74
2019-09-30,9,40,2019,40,10595,4,152,3557,41,110,14,16,57,0,8,84,60
2019-10-07,10,41,2019,41,11288,2,108,3786,42,79,12,10,51,0,18,79,97
2019-10-14,10,42,2019,42,11481,11,134,3912,33,65,9,9,53,0,12,78,65
2019-10-21,10,43,2019,43,10380,11,109,3475,18,91,3,11,62,0,8,51,36
2019-10-28,10,44,2019,44,11851,2,92,4027,42,83,9,6,48,0,8,46,28
2019-11-04,11,45,2019,45,10735,9,125,3467,44,83,12,15,54,0,9,81,53
2019-11-11,11,46,2019,46,11842,1,136,4315,43,66,6,12,37,0,4,96,28
2019-11-18,11,47,2019,47,10024,4,30,3472,30,43,9,7,30,0,4,68,34
2019-11-25,11,48,2019,48,12886,3,69,4423,52,53,13,7,58,0,10,90,49
2019-12-02,12,49,2019,49,8274,0,78,2769,44,47,9,8,66,0,7,48,36
2019-12-09,12,50,2019,50,11586,4,107,4089,56,56,17,8,45,0,8,63,73
2019-12-16,12,51,2019,51,11836,4,77,4147,75,44,14,11,39,0,7,89,58
2019-12-23,12,52,2019,52,9997,2,78,3357,36,56,4,10,32,0,8,83,74
2019-12-30,12,1,2019,1,3419,0,42,1169,19,89,33,28,60,0,11,22,69
