Year,Week,Month,Chlamydia,Dengue,Giardiasis,Gonorrhea,Haemophilus,HepatitisA,HepatitisB,HepatitisC,Legionellosis,Lyme disease,Malaria,Syphilis,chickenpox,Date,Quarter
2006,1,1,3770.0,0.0,89.0,1561.0,15.0,44.0,10.0,0.0,8.0,14.0,4.0,18.0,211.0,2006-01-02,
2006,2,1,7070.0,0.0,107.0,2770.0,13.0,22.0,22.0,0.0,11.0,17.0,4.0,52.0,614.0,2006-01-09,
2006,3,1,9379.0,0.0,115.0,3450.0,13.0,21.0,25.0,0.0,13.0,22.0,18.0,83.0,475.0,2006-01-16,
2006,4,1,11315.0,0.0,166.0,4030.0,29.0,29.0,71.0,0.0,10.0,22.0,15.0,85.0,813.0,2006-01-23,
2006,5,1,11824.0,0.0,144.0,3873.0,29.0,42.0,32.0,0.0,19.0,35.0,11.0,90.0,703.0,2006-01-30,
2006,6,2,10053.0,0.0,131.0,3370.0,20.0,19.0,19.0,0.0,11.0,33.0,6.0,77.0,776.0,2006-02-06,
2006,7,2,8696.0,0.0,177.0,3266.0,20.0,46.0,25.0,0.0,16.0,31.0,9.0,80.0,692.0,2006-02-13,
2006,8,2,8326.0,0.0,153.0,2968.0,21.0,31.0,35.0,0.0,15.0,23.0,20.0,71.0,452.0,2006-02-20,
2006,9,2,13035.0,0.0,169.0,4884.0,36.0,44.0,95.0,0.0,19.0,39.0,5.0,85.0,916.0,2006-02-27,
2006,10,3,11477.0,0.0,220.0,4087.0,23.0,43.0,100.0,0.0,15.0,144.0,17.0,59.0,901.0,2006-03-06,
2006,11,3,12019.0,0.0,112.0,3943.0,35.0,9.0,31.0,0.0,17.0,103.0,3.0,90.0,790.0,2006-03-13,
2006,12,3,12726.0,0.0,159.0,3730.0,27.0,42.0,61.0,0.0,19.0,86.0,12.0,130.0,755.0,2006-03-20,
2006,13,3,12484.0,0.0,212.0,4344.0,32.0,52.0,41.0,0.0,16.0,62.0,8.0,74.0,901.0,2006-03-27,
2006,14,4,11670.0,0.0,187.0,3562.0,27.0,44.0,36.0,0.0,18.0,147.0,11.0,76.0,811.0,2006-04-03,
2006,15,4,9089.0,0.0,135.0,2632.0,20.0,38.0,49.0,0.0,14.0,13.0,5.0,71.0,1082.0,2006-04-10,
2006,16,4,11215.0,0.0,162.0,3688.0,21.0,50.0,48.0,0.0,19.0,41.0,7.0,62.0,455.0,2006-04-17,
2006,17,4,11690.0,0.0,147.0,4031.0,33.0,63.0,57.0,0.0,15.0,26.0,8.0,80.0,777.0,2006-04-24,
2006,18,5,9731.0,0.0,203.0,2572.0,26.0,47.0,32.0,0.0,10.0,90.0,24.0,69.0,897.0,2006-05-01,
2006,19,5,10401.0,0.0,134.0,3555.0,16.0,33.0,40.0,0.0,16.0,33.0,10.0,78.0,687.0,2006-05-08,
2006,20,5,10749.0,0.0,203.0,3910.0,30.0,23.0,39.0,0.0,13.0,65.0,12.0,82.0,915.0,2006-05-15,
2006,21,5,8614.0,0.0,258.0,3203.0,33.0,49.0,43.0,0.0,19.0,87.0,9.0,72.0,875.0,2006-05-22,
2006,22,5,8743.0,0.0,128.0,3123.0,14.0,26.0,47.0,0.0,26.0,63.0,9.0,60.0,653.0,2006-05-29,
2006,23,6,10577.0,0.0,175.0,3829.0,33.0,38.0,50.0,0.0,25.0,72.0,18.0,98.0,652.0,2006-06-05,
2006,24,6,8826.0,0.0,148.0,2741.0,35.0,20.0,51.0,0.0,25.0,105.0,11.0,74.0,562.0,2006-06-12,
2006,25,6,10737.0,0.0,144.0,3921.0,19.0,32.0,55.0,0.0,37.0,179.0,20.0,103.0,506.0,2006-06-19,
2006,26,6,3830.0,0.0,169.0,1431.0,12.0,18.0,33.0,0.0,12.0,349.0,12.0,37.0,171.0,2006-06-26,
2006,27,7,6717.0,0.0,136.0,2480.0,28.0,32.0,38.0,0.0,34.0,310.0,13.0,57.0,207.0,2006-07-03,
2006,28,7,11186.0,0.0,271.0,3875.0,33.0,29.0,64.0,0.0,76.0,358.0,11.0,106.0,342.0,2006-07-10,
2006,29,7,9550.0,0.0,156.0,3469.0,30.0,21.0,43.0,0.0,26.0,426.0,13.0,65.0,106.0,2006-07-17,
2006,30,7,11416.0,0.0,222.0,3972.0,34.0,27.0,27.0,0.0,53.0,474.0,18.0,114.0,115.0,2006-07-24,
2006,31,7,11538.0,0.0,212.0,3834.0,30.0,35.0,28.0,0.0,39.0,423.0,23.0,120.0,163.0,2006-07-31,
2006,32,8,11595.0,0.0,268.0,4109.0,23.0,31.0,53.0,0.0,47.0,531.0,20.0,86.0,150.0,2006-08-07,
2006,33,8,11916.0,0.0,263.0,4149.0,29.0,34.0,42.0,0.0,56.0,461.0,19.0,104.0,557.0,2006-08-14,
2006,34,8,10841.0,0.0,277.0,3689.0,19.0,47.0,56.0,0.0,28.0,317.0,18.0,109.0,181.0,2006-08-21,
2006,35,8,9450.0,0.0,283.0,3183.0,14.0,53.0,32.0,0.0,33.0,253.0,12.0,68.0,127.0,2006-08-28,
2006,36,9,8008.0,0.0,224.0,3361.0,17.0,20.0,22.0,0.0,29.0,132.0,13.0,86.0,160.0,2006-09-04,
2006,37,9,12409.0,0.0,291.0,4745.0,24.0,30.0,42.0,0.0,51.0,249.0,11.0,110.0,262.0,2006-09-11,
2006,38,9,11657.0,0.0,227.0,3912.0,14.0,39.0,27.0,0.0,38.0,441.0,18.0,96.0,271.0,2006-09-18,
2006,39,9,13082.0,0.0,325.0,4514.0,22.0,28.0,44.0,0.0,43.0,235.0,16.0,120.0,323.0,2006-09-25,
2006,40,10,10833.0,0.0,297.0,3548.0,14.0,17.0,45.0,0.0,37.0,101.0,13.0,79.0,442.0,2006-10-02,
2006,41,10,11448.0,0.0,224.0,3909.0,19.0,34.0,42.0,0.0,63.0,131.0,10.0,96.0,441.0,2006-10-09,
2006,42,10,13169.0,0.0,236.0,4741.0,34.0,51.0,39.0,0.0,42.0,156.0,4.0,109.0,518.0,2006-10-16,
2006,43,10,11145.0,0.0,237.0,3552.0,22.0,43.0,48.0,0.0,46.0,256.0,12.0,98.0,444.0,2006-10-23,
2006,44,10,10427.0,0.0,247.0,3688.0,29.0,43.0,46.0,0.0,36.0,331.0,23.0,106.0,562.0,2006-10-30,
2006,45,11,10236.0,0.0,183.0,3524.0,13.0,12.0,24.0,0.0,31.0,125.0,12.0,88.0,469.0,2006-11-06,
2006,46,11,8434.0,0.0,208.0,2857.0,22.0,35.0,56.0,0.0,24.0,171.0,4.0,62.0,695.0,2006-11-13,
2006,47,11,6193.0,0.0,138.0,1893.0,19.0,23.0,17.0,0.0,23.0,152.0,7.0,44.0,570.0,2006-11-20,
2006,48,11,11826.0,0.0,191.0,4210.0,29.0,37.0,32.0,0.0,28.0,252.0,13.0,97.0,940.0,2006-11-27,
2006,49,12,11832.0,0.0,198.0,3910.0,23.0,35.0,54.0,0.0,24.0,154.0,8.0,108.0,850.0,2006-12-04,
2006,50,12,10779.0,0.0,199.0,3404.0,20.0,15.0,21.0,0.0,21.0,142.0,6.0,96.0,668.0,2006-12-11,
2006,51,12,8135.0,0.0,165.0,2277.0,22.0,34.0,44.0,0.0,15.0,114.0,10.0,63.0,382.0,2006-12-18,
2006,52,12,5900.0,0.0,149.0,1856.0,25.0,16.0,31.0,0.0,28.0,73.0,5.0,45.0,213.0,2006-12-25,
2007,1,1,6694.0,0.0,67.0,2308.0,15.0,6.0,10.0,0.0,6.0,19.0,6.0,42.0,203.0,2007-01-01,
2007,2,1,7104.0,0.0,78.0,2430.0,28.0,10.0,15.0,0.0,16.0,27.0,3.0,65.0,562.0,2007-01-08,
2007,3,1,8105.0,0.0,71.0,3096.0,39.0,9.0,15.0,0.0,12.0,113.0,7.0,61.0,354.0,2007-01-15,
2007,4,1,13385.0,0.0,176.0,4603.0,29.0,19.0,29.0,0.0,20.0,36.0,8.0,125.0,427.0,2007-01-22,
2007,5,1,11361.0,0.0,168.0,3268.0,44.0,31.0,32.0,0.0,20.0,47.0,11.0,95.0,500.0,2007-01-29,
2007,6,2,9736.0,0.0,166.0,3099.0,30.0,19.0,43.0,0.0,11.0,37.0,5.0,106.0,1052.0,2007-02-05,
2007,7,2,7547.0,0.0,126.0,2364.0,39.0,20.0,23.0,0.0,25.0,85.0,3.0,68.0,684.0,2007-02-12,
2007,8,2,9125.0,0.0,144.0,2780.0,28.0,28.0,31.0,0.0,15.0,49.0,4.0,63.0,573.0,2007-02-19,
2007,9,2,10629.0,0.0,127.0,3436.0,22.0,42.0,34.0,0.0,13.0,95.0,5.0,98.0,383.0,2007-02-26,
2007,10,3,10372.0,0.0,123.0,3334.0,34.0,25.0,31.0,0.0,18.0,33.0,8.0,68.0,775.0,2007-03-05,
2007,11,3,9994.0,0.0,169.0,2821.0,29.0,33.0,37.0,0.0,18.0,42.0,3.0,79.0,619.0,2007-03-12,
2007,12,3,8537.0,0.0,116.0,3323.0,23.0,18.0,35.0,0.0,17.0,30.0,1.0,99.0,972.0,2007-03-19,
2007,13,3,12198.0,0.0,163.0,3097.0,33.0,23.0,58.0,0.0,18.0,57.0,7.0,103.0,820.0,2007-03-26,
2007,14,4,10216.0,0.0,155.0,3052.0,43.0,42.0,37.0,0.0,9.0,53.0,6.0,91.0,557.0,2007-04-02,
2007,15,4,3052.0,0.0,147.0,2764.0,35.0,27.0,18.0,0.0,10.0,42.0,5.0,84.0,830.0,2007-04-09,
2007,16,4,10581.0,0.0,152.0,3601.0,34.0,31.0,53.0,0.0,14.0,36.0,10.0,117.0,983.0,2007-04-16,
2007,17,4,10876.0,0.0,139.0,3316.0,33.0,28.0,33.0,0.0,18.0,41.0,9.0,91.0,653.0,2007-04-23,
2007,18,4,11755.0,0.0,132.0,3430.0,31.0,23.0,28.0,0.0,10.0,86.0,5.0,79.0,659.0,2007-04-30,
2007,19,5,11098.0,0.0,143.0,3465.0,25.0,23.0,46.0,0.0,10.0,77.0,7.0,99.0,814.0,2007-05-07,
2007,20,5,10619.0,0.0,170.0,2747.0,71.0,24.0,47.0,0.0,15.0,81.0,10.0,89.0,783.0,2007-05-14,
2007,21,5,8574.0,0.0,122.0,2958.0,22.0,17.0,16.0,0.0,10.0,36.0,8.0,72.0,437.0,2007-05-21,
2007,22,5,6567.0,0.0,83.0,1956.0,20.0,27.0,47.0,0.0,15.0,44.0,9.0,55.0,560.0,2007-05-28,
2007,23,6,9475.0,0.0,103.0,2688.0,18.0,20.0,35.0,0.0,23.0,168.0,9.0,89.0,555.0,2007-06-04,
2007,24,6,10193.0,0.0,128.0,3110.0,25.0,29.0,35.0,0.0,18.0,207.0,14.0,125.0,238.0,2007-06-11,
2007,25,6,10775.0,0.0,132.0,3964.0,22.0,28.0,29.0,0.0,31.0,248.0,9.0,107.0,184.0,2007-06-18,
2007,26,6,8556.0,0.0,141.0,2440.0,24.0,34.0,26.0,0.0,28.0,296.0,8.0,83.0,137.0,2007-06-25,
2007,27,7,10312.0,0.0,190.0,3040.0,32.0,22.0,30.0,0.0,24.0,225.0,5.0,88.0,151.0,2007-07-02,
2007,28,7,10867.0,0.0,150.0,3383.0,15.0,35.0,41.0,0.0,43.0,511.0,13.0,119.0,104.0,2007-07-09,
2007,29,7,11992.0,0.0,184.0,4264.0,25.0,27.0,43.0,0.0,25.0,583.0,13.0,117.0,126.0,2007-07-16,
2007,30,7,11895.0,0.0,219.0,3851.0,28.0,35.0,34.0,0.0,19.0,462.0,13.0,109.0,149.0,2007-07-23,
2007,31,7,10680.0,0.0,212.0,3591.0,25.0,23.0,26.0,0.0,24.0,398.0,24.0,131.0,120.0,2007-07-30,
2007,32,8,13635.0,0.0,220.0,4373.0,23.0,24.0,47.0,0.0,48.0,381.0,13.0,114.0,77.0,2007-08-06,
2007,33,8,12454.0,0.0,233.0,4049.0,18.0,36.0,33.0,0.0,30.0,372.0,17.0,136.0,116.0,2007-08-13,
2007,34,8,12350.0,0.0,245.0,4808.0,19.0,35.0,44.0,0.0,46.0,297.0,20.0,150.0,148.0,2007-08-20,
2007,35,8,11658.0,0.0,270.0,3625.0,12.0,33.0,31.0,0.0,39.0,237.0,7.0,95.0,186.0,2007-08-27,
2007,36,9,8796.0,0.0,247.0,2979.0,12.0,28.0,48.0,0.0,48.0,307.0,11.0,82.0,137.0,2007-09-03,
2007,37,9,14544.0,0.0,305.0,4571.0,26.0,41.0,33.0,0.0,38.0,355.0,11.0,153.0,365.0,2007-09-10,
2007,38,9,11908.0,0.0,267.0,4272.0,30.0,36.0,39.0,0.0,36.0,351.0,18.0,146.0,240.0,2007-09-17,
2007,39,9,10877.0,0.0,290.0,3476.0,18.0,41.0,44.0,0.0,39.0,229.0,12.0,136.0,205.0,2007-09-24,
2007,40,10,11779.0,0.0,230.0,3959.0,15.0,20.0,37.0,0.0,14.0,59.0,7.0,136.0,386.0,2007-10-01,
2007,41,10,11326.0,0.0,301.0,3589.0,12.0,26.0,33.0,0.0,30.0,120.0,9.0,99.0,374.0,2007-10-08,
2007,42,10,11374.0,0.0,222.0,3241.0,25.0,26.0,53.0,0.0,37.0,271.0,15.0,101.0,272.0,2007-10-15,
2007,43,10,9474.0,0.0,243.0,3390.0,15.0,35.0,51.0,0.0,32.0,217.0,10.0,133.0,356.0,2007-10-22,
2007,44,10,10911.0,0.0,212.0,3730.0,26.0,24.0,65.0,0.0,26.0,219.0,17.0,131.0,333.0,2007-10-29,
2007,45,11,10469.0,0.0,205.0,3338.0,27.0,15.0,39.0,0.0,37.0,234.0,13.0,155.0,447.0,2007-11-05,
2007,46,11,7638.0,0.0,338.0,2944.0,15.0,15.0,28.0,0.0,34.0,211.0,7.0,67.0,505.0,2007-11-12,
2007,47,11,7666.0,0.0,140.0,2361.0,19.0,15.0,30.0,0.0,14.0,136.0,11.0,61.0,251.0,2007-11-19,
2007,48,11,12126.0,0.0,228.0,4111.0,18.0,29.0,37.0,0.0,33.0,183.0,18.0,157.0,621.0,2007-11-26,
2007,49,12,11636.0,0.0,187.0,3947.0,33.0,54.0,47.0,0.0,36.0,159.0,10.0,146.0,596.0,2007-12-03,
2007,50,12,11982.0,0.0,164.0,3703.0,15.0,35.0,50.0,0.0,25.0,142.0,7.0,239.0,414.0,2007-12-10,
2007,51,12,5673.0,0.0,140.0,1528.0,28.0,15.0,24.0,0.0,32.0,61.0,11.0,53.0,420.0,2007-12-17,
2007,52,12,4787.0,0.0,164.0,1358.0,31.0,18.0,25.0,0.0,30.0,50.0,8.0,30.0,160.0,2007-12-24,
2007,1,12,0.0,0.0,0.0,0.0,0.0,0.0,0.0,0.0,0.0,0.0,0.0,0.0,0.0,2007-12-31,4.0
2008,1,1,7252.0,0.0,70.0,2161.0,27.0,21.0,15.0,0.0,18.0,37.0,5.0,86.0,255.0,2008-01-07,
2008,2,1,10893.0,0.0,114.0,3639.0,42.0,26.0,34.0,0.0,32.0,114.0,9.0,102.0,346.0,2008-01-14,
2008,3,1,9933.0,0.0,142.0,2925.0,46.0,25.0,43.0,0.0,29.0,131.0,10.0,103.0,363.0,2008-01-21,
2008,4,1,10724.0,0.0,117.0,2740.0,41.0,26.0,29.0,0.0,30.0,153.0,9.0,90.0,323.0,2008-01-28,
2008,5,2,9928.0,0.0,166.0,2755.0,33.0,33.0,22.0,0.0,45.0,166.0,16.0,133.0,433.0,2008-02-04,
2008,6,2,11380.0,0.0,188.0,3000.0,44.0,33.0,46.0,0.0,35.0,255.0,10.0,85.0,487.0,2008-02-11,
2008,7,2,9558.0,0.0,130.0,2428.0,21.0,22.0,32.0,0.0,8.0,28.0,4.0,96.0,464.0,2008-02-18,
2008,8,2,8096.0,0.0,166.0,2423.0,30.0,27.0,31.0,0.0,17.0,34.0,5.0,72.0,454.0,2008-02-25,
2008,9,3,8153.0,0.0,181.0,3108.0,37.0,20.0,31.0,0.0,26.0,57.0,4.0,85.0,495.0,2008-03-03,
2008,10,3,7516.0,0.0,160.0,2256.0,33.0,25.0,37.0,0.0,15.0,44.0,1.0,108.0,606.0,2008-03-10,
2008,11,3,10692.0,0.0,162.0,2636.0,24.0,23.0,38.0,0.0,23.0,28.0,8.0,105.0,698.0,2008-03-17,
2008,12,3,12464.0,0.0,137.0,3053.0,24.0,18.0,32.0,0.0,11.0,41.0,1.0,100.0,441.0,2008-03-24,
2008,13,3,12081.0,0.0,157.0,3301.0,37.0,20.0,24.0,0.0,17.0,29.0,4.0,129.0,414.0,2008-03-31,
2008,14,4,13074.0,0.0,172.0,3492.0,29.0,26.0,34.0,0.0,16.0,41.0,7.0,120.0,749.0,2008-04-07,
2008,15,4,12028.0,0.0,165.0,3477.0,37.0,28.0,36.0,0.0,16.0,52.0,6.0,109.0,525.0,2008-04-14,
2008,16,4,13333.0,0.0,180.0,3494.0,33.0,22.0,35.0,0.0,20.0,96.0,6.0,96.0,582.0,2008-04-21,
2008,17,4,11657.0,0.0,136.0,2975.0,24.0,32.0,34.0,0.0,14.0,13.0,9.0,111.0,453.0,2008-04-28,
2008,18,5,12011.0,0.0,241.0,3120.0,18.0,31.0,27.0,0.0,16.0,64.0,9.0,131.0,400.0,2008-05-05,
2008,19,5,11700.0,0.0,155.0,3274.0,41.0,34.0,36.0,0.0,20.0,54.0,4.0,94.0,601.0,2008-05-12,
2008,20,5,11167.0,0.0,181.0,2843.0,31.0,31.0,60.0,0.0,28.0,102.0,14.0,103.0,541.0,2008-05-19,
2008,21,5,9710.0,0.0,146.0,2453.0,46.0,20.0,28.0,0.0,20.0,77.0,6.0,72.0,491.0,2008-05-26,
2008,22,6,9303.0,0.0,138.0,2580.0,20.0,21.0,32.0,0.0,33.0,75.0,8.0,75.0,462.0,2008-06-02,
2008,23,6,12919.0,0.0,149.0,3509.0,30.0,21.0,36.0,0.0,33.0,83.0,14.0,78.0,598.0,2008-06-09,
2008,24,6,12429.0,0.0,194.0,3413.0,31.0,15.0,39.0,0.0,22.0,190.0,12.0,145.0,374.0,2008-06-16,
2008,25,6,12583.0,0.0,192.0,3494.0,35.0,34.0,40.0,0.0,56.0,312.0,10.0,123.0,218.0,2008-06-23,
2008,26,6,11074.0,0.0,172.0,3236.0,20.0,33.0,29.0,0.0,38.0,284.0,15.0,112.0,284.0,2008-06-30,
2008,27,7,9129.0,0.0,136.0,2743.0,21.0,26.0,12.0,0.0,28.0,255.0,14.0,70.0,138.0,2008-07-07,
2008,28,7,11177.0,0.0,160.0,3406.0,36.0,47.0,38.0,0.0,54.0,447.0,27.0,111.0,120.0,2008-07-14,
2008,29,7,9695.0,0.0,259.0,2978.0,17.0,24.0,32.0,0.0,61.0,545.0,9.0,116.0,187.0,2008-07-21,
2008,30,7,10721.0,0.0,208.0,3000.0,18.0,21.0,48.0,0.0,69.0,670.0,15.0,90.0,121.0,2008-07-28,
2008,31,8,11899.0,0.0,288.0,3202.0,24.0,26.0,39.0,0.0,61.0,571.0,14.0,120.0,126.0,2008-08-04,
2008,32,8,9944.0,0.0,316.0,2837.0,17.0,19.0,21.0,0.0,61.0,574.0,9.0,125.0,85.0,2008-08-11,
2008,33,8,12545.0,0.0,253.0,3530.0,26.0,27.0,31.0,0.0,53.0,541.0,13.0,122.0,131.0,2008-08-18,
2008,34,8,10724.0,0.0,231.0,3075.0,21.0,30.0,37.0,0.0,43.0,350.0,15.0,101.0,108.0,2008-08-25,
2008,35,9,7373.0,0.0,170.0,2037.0,25.0,21.0,31.0,0.0,41.0,216.0,20.0,75.0,120.0,2008-09-01,
2008,36,9,11188.0,0.0,227.0,2991.0,6.0,27.0,21.0,0.0,42.0,222.0,11.0,134.0,121.0,2008-09-08,
2008,37,9,12300.0,0.0,384.0,3516.0,20.0,18.0,39.0,0.0,49.0,452.0,15.0,100.0,246.0,2008-09-15,
2008,38,9,13287.0,0.0,259.0,3639.0,21.0,30.0,51.0,0.0,47.0,244.0,16.0,122.0,208.0,2008-09-22,
2008,39,9,13710.0,0.0,266.0,3878.0,22.0,35.0,37.0,0.0,51.0,403.0,13.0,121.0,268.0,2008-09-29,
2008,40,10,9961.0,0.0,225.0,2697.0,18.0,29.0,25.0,0.0,53.0,268.0,15.0,115.0,233.0,2008-10-06,
2008,41,10,13564.0,0.0,186.0,3523.0,18.0,20.0,34.0,0.0,26.0,255.0,5.0,160.0,148.0,2008-10-13,
2008,42,10,12915.0,0.0,259.0,3635.0,20.0,35.0,22.0,0.0,19.0,62.0,3.0,112.0,168.0,2008-10-20,
2008,43,10,13964.0,0.0,232.0,3649.0,24.0,25.0,36.0,0.0,50.0,487.0,16.0,138.0,328.0,2008-10-27,
2008,44,11,11950.0,0.0,184.0,2865.0,11.0,20.0,30.0,0.0,31.0,222.0,7.0,124.0,187.0,2008-11-03,
2008,45,11,8748.0,0.0,252.0,1961.0,21.0,20.0,33.0,0.0,22.0,236.0,10.0,77.0,297.0,2008-11-10,
2008,46,11,12689.0,0.0,195.0,2986.0,27.0,17.0,21.0,0.0,29.0,244.0,7.0,88.0,269.0,2008-11-17,
2008,47,11,9661.0,0.0,246.0,1975.0,25.0,14.0,32.0,0.0,31.0,400.0,7.0,83.0,383.0,2008-11-24,
2008,48,12,7763.0,0.0,196.0,1857.0,26.0,10.0,22.0,0.0,21.0,286.0,8.0,78.0,189.0,2008-12-01,
2008,49,12,12903.0,0.0,184.0,3361.0,26.0,13.0,34.0,0.0,30.0,355.0,12.0,78.0,366.0,2008-12-08,
2008,50,12,12426.0,0.0,190.0,3090.0,27.0,20.0,32.0,0.0,30.0,419.0,10.0,133.0,513.0,2008-12-15,
2008,51,12,6382.0,0.0,130.0,1556.0,27.0,11.0,28.0,0.0,31.0,391.0,11.0,44.0,348.0,2008-12-22,
2008,52,12,4487.0,0.0,99.0,1068.0,12.0,7.0,22.0,0.0,15.0,186.0,9.0,25.0,194.0,2008-12-29,
2009,1,1,8115.0,0.0,84.0,2302.0,30.0,12.0,66.0,0.0,20.0,56.0,5.0,97.0,173.0,2009-01-05,
2008,53,1,7228.0,0.0,101.0,1636.0,24.0,9.0,28.0,0.0,4.0,16.0,2.0,52.0,77.0,2009-01-05,
2009,2,1,7711.0,0.0,111.0,1932.0,19.0,17.0,26.0,0.0,27.0,15.0,4.0,82.0,190.0,2009-01-12,
2009,3,1,9437.0,0.0,129.0,2100.0,30.0,14.0,14.0,0.0,27.0,37.0,9.0,93.0,251.0,2009-01-19,
2009,4,1,12757.0,0.0,161.0,2705.0,32.0,34.0,33.0,0.0,20.0,42.0,13.0,112.0,306.0,2009-01-26,
2009,5,2,11322.0,0.0,160.0,2558.0,36.0,21.0,26.0,0.0,13.0,70.0,15.0,94.0,330.0,2009-02-02,
2009,6,2,8775.0,0.0,215.0,1878.0,30.0,29.0,35.0,0.0,12.0,42.0,11.0,66.0,313.0,2009-02-09,
2009,7,2,11765.0,0.0,115.0,2645.0,24.0,13.0,34.0,0.0,24.0,48.0,7.0,101.0,215.0,2009-02-16,
2009,8,2,11517.0,0.0,195.0,2591.0,20.0,12.0,40.0,0.0,13.0,51.0,5.0,110.0,288.0,2009-02-23,
2009,9,3,11880.0,0.0,151.0,2783.0,33.0,20.0,46.0,0.0,22.0,47.0,5.0,106.0,191.0,2009-03-02,
2009,10,3,12587.0,0.0,176.0,2775.0,30.0,19.0,28.0,0.0,17.0,65.0,11.0,116.0,225.0,2009-03-09,
2009,11,3,10774.0,0.0,176.0,2256.0,34.0,14.0,37.0,0.0,12.0,66.0,10.0,95.0,191.0,2009-03-16,
2009,12,3,11829.0,0.0,175.0,2462.0,26.0,25.0,30.0,0.0,17.0,96.0,11.0,108.0,249.0,2009-03-23,
2009,13,3,13812.0,0.0,155.0,2984.0,26.0,27.0,34.0,0.0,13.0,95.0,13.0,116.0,171.0,2009-03-30,
2009,14,4,11298.0,0.0,203.0,2327.0,41.0,22.0,24.0,0.0,17.0,77.0,8.0,74.0,217.0,2009-04-06,
2009,15,4,11866.0,0.0,225.0,2454.0,26.0,21.0,37.0,0.0,14.0,100.0,7.0,106.0,218.0,2009-04-13,
2009,16,4,11510.0,0.0,240.0,3405.0,22.0,29.0,27.0,0.0,10.0,103.0,8.0,96.0,210.0,2009-04-20,
2009,17,4,8836.0,0.0,146.0,1956.0,19.0,9.0,19.0,0.0,12.0,101.0,2.0,89.0,122.0,2009-04-27,
2009,18,5,11735.0,0.0,203.0,2274.0,30.0,17.0,28.0,0.0,18.0,121.0,3.0,95.0,265.0,2009-05-04,
2009,19,5,10574.0,0.0,136.0,2212.0,27.0,21.0,33.0,0.0,22.0,106.0,12.0,106.0,214.0,2009-05-11,
2009,20,5,8356.0,0.0,162.0,1977.0,43.0,15.0,33.0,0.0,16.0,119.0,12.0,72.0,221.0,2009-05-18,
2009,21,5,9260.0,0.0,204.0,1981.0,23.0,26.0,23.0,0.0,27.0,101.0,6.0,80.0,149.0,2009-05-25,
2009,22,6,9911.0,0.0,167.0,2798.0,25.0,10.0,36.0,0.0,24.0,108.0,10.0,97.0,160.0,2009-06-01,
2009,23,6,11677.0,0.0,170.0,2587.0,24.0,21.0,27.0,0.0,22.0,145.0,9.0,76.0,93.0,2009-06-08,
2009,24,6,8223.0,0.0,139.0,1583.0,17.0,15.0,6.0,0.0,34.0,223.0,4.0,68.0,51.0,2009-06-15,
2009,25,6,12578.0,0.0,147.0,2972.0,30.0,13.0,21.0,0.0,34.0,232.0,9.0,89.0,58.0,2009-06-22,
2009,26,6,10176.0,0.0,189.0,2584.0,22.0,16.0,16.0,0.0,45.0,431.0,8.0,77.0,101.0,2009-06-29,
2009,27,7,12097.0,0.0,258.0,2833.0,33.0,18.0,21.0,0.0,64.0,439.0,20.0,134.0,52.0,2009-07-06,
2009,28,7,9509.0,0.0,268.0,2142.0,23.0,24.0,41.0,0.0,53.0,549.0,10.0,101.0,57.0,2009-07-13,
2009,29,7,13927.0,0.0,269.0,3238.0,36.0,23.0,45.0,0.0,47.0,582.0,18.0,124.0,59.0,2009-07-20,
2009,30,7,11145.0,0.0,222.0,2857.0,14.0,21.0,19.0,0.0,43.0,578.0,25.0,121.0,49.0,2009-07-27,
2009,31,8,13102.0,0.0,243.0,3246.0,33.0,16.0,32.0,0.0,56.0,538.0,16.0,119.0,43.0,2009-08-03,
2009,32,8,11928.0,0.0,290.0,3093.0,22.0,26.0,38.0,0.0,96.0,472.0,24.0,113.0,53.0,2009-08-10,
2009,33,8,14167.0,0.0,255.0,3446.0,25.0,16.0,25.0,0.0,47.0,359.0,19.0,161.0,44.0,2009-08-17,
2009,34,8,12719.0,0.0,210.0,3125.0,23.0,22.0,20.0,0.0,51.0,308.0,11.0,117.0,52.0,2009-08-24,
2009,35,8,11558.0,0.0,219.0,2989.0,25.0,22.0,31.0,0.0,48.0,410.0,12.0,102.0,60.0,2009-08-31,
2009,36,9,9302.0,0.0,235.0,2130.0,20.0,17.0,23.0,0.0,41.0,187.0,6.0,80.0,74.0,2009-09-07,
2009,37,9,12662.0,0.0,233.0,3072.0,25.0,21.0,37.0,0.0,48.0,247.0,11.0,135.0,101.0,2009-09-14,
2009,38,9,13167.0,0.0,267.0,3693.0,10.0,14.0,17.0,0.0,51.0,272.0,6.0,137.0,134.0,2009-09-21,
2009,39,9,13358.0,0.0,307.0,3091.0,23.0,25.0,31.0,0.0,37.0,357.0,23.0,103.0,188.0,2009-09-28,
2009,40,10,11408.0,0.0,232.0,2749.0,12.0,7.0,27.0,0.0,29.0,253.0,10.0,108.0,118.0,2009-10-05,
2009,41,10,9302.0,0.0,188.0,2240.0,20.0,10.0,22.0,0.0,35.0,181.0,5.0,95.0,94.0,2009-10-12,
2009,42,10,10351.0,0.0,200.0,2459.0,16.0,14.0,34.0,0.0,47.0,218.0,9.0,83.0,119.0,2009-10-19,
2009,43,10,11243.0,0.0,195.0,2490.0,22.0,13.0,37.0,0.0,38.0,230.0,8.0,100.0,99.0,2009-10-26,
2009,44,11,10434.0,0.0,304.0,2291.0,26.0,28.0,34.0,0.0,44.0,169.0,14.0,88.0,94.0,2009-11-02,
2009,45,11,10101.0,0.0,174.0,2261.0,21.0,9.0,28.0,0.0,25.0,230.0,2.0,66.0,109.0,2009-11-09,
2009,46,11,8184.0,0.0,142.0,2025.0,19.0,13.0,23.0,0.0,39.0,191.0,7.0,103.0,64.0,2009-11-16,
2009,47,11,6902.0,0.0,203.0,1453.0,17.0,10.0,14.0,0.0,21.0,153.0,7.0,81.0,65.0,2009-11-23,
2009,48,11,13457.0,0.0,249.0,3208.0,33.0,20.0,33.0,0.0,28.0,265.0,17.0,112.0,58.0,2009-11-30,
2009,49,12,13340.0,0.0,186.0,3214.0,37.0,21.0,33.0,0.0,31.0,191.0,21.0,124.0,171.0,2009-12-07,
2009,50,12,9779.0,0.0,188.0,2181.0,34.0,20.0,42.0,0.0,26.0,189.0,11.0,78.0,103.0,2009-12-14,
2009,51,12,5332.0,0.0,177.0,1158.0,30.0,22.0,22.0,0.0,20.0,174.0,6.0,47.0,57.0,2009-12-21,
2009,52,12,7279.0,0.0,150.0,1584.0,48.0,19.0,22.0,0.0,33.0,157.0,12.0,64.0,40.0,2009-12-28,
2010,1,1,8474.0,0.0,93.0,2171.0,22.0,8.0,17.0,2.0,14.0,26.0,7.0,71.0,87.0,2010-01-04,
2010,2,1,7937.0,0.0,128.0,2150.0,26.0,10.0,22.0,6.0,22.0,26.0,7.0,83.0,93.0,2010-01-11,
2010,3,1,9266.0,0.0,154.0,2090.0,25.0,8.0,20.0,4.0,22.0,39.0,13.0,75.0,102.0,2010-01-18,
2010,4,1,10965.0,0.0,182.0,2613.0,28.0,16.0,31.0,6.0,24.0,83.0,14.0,103.0,106.0,2010-01-25,
2010,5,2,9713.0,0.0,191.0,2254.0,35.0,26.0,25.0,9.0,17.0,58.0,12.0,90.0,124.0,2010-02-01,
2010,6,2,7555.0,0.0,171.0,1630.0,26.0,20.0,21.0,4.0,14.0,42.0,15.0,65.0,108.0,2010-02-08,
2010,7,2,9345.0,0.0,170.0,2130.0,18.0,11.0,29.0,5.0,26.0,44.0,22.0,81.0,128.0,2010-02-15,
2010,8,2,11417.0,0.0,204.0,2504.0,33.0,17.0,27.0,12.0,17.0,51.0,10.0,78.0,119.0,2010-02-22,
2010,9,3,9521.0,0.0,154.0,2031.0,25.0,21.0,25.0,9.0,19.0,54.0,6.0,72.0,195.0,2010-03-01,
2010,10,3,11791.0,0.0,182.0,2572.0,22.0,10.0,26.0,4.0,18.0,46.0,10.0,86.0,206.0,2010-03-08,
2010,11,3,10590.0,0.0,234.0,2357.0,22.0,25.0,24.0,10.0,15.0,63.0,13.0,81.0,219.0,2010-03-15,
2010,12,3,10241.0,0.0,194.0,2167.0,31.0,20.0,37.0,9.0,24.0,78.0,9.0,77.0,149.0,2010-03-22,
2010,13,3,8689.0,0.0,186.0,1819.0,32.0,10.0,26.0,7.0,21.0,60.0,7.0,91.0,153.0,2010-03-29,
2010,14,4,9426.0,0.0,247.0,2240.0,30.0,10.0,31.0,8.0,23.0,76.0,7.0,71.0,164.0,2010-04-05,
2010,15,4,11680.0,0.0,149.0,2424.0,38.0,10.0,24.0,7.0,16.0,88.0,9.0,72.0,242.0,2010-04-12,
2010,16,4,10630.0,0.0,171.0,2131.0,27.0,10.0,39.0,7.0,14.0,90.0,12.0,74.0,244.0,2010-04-19,
2010,17,4,9399.0,0.0,208.0,2169.0,22.0,14.0,33.0,12.0,13.0,66.0,10.0,75.0,224.0,2010-04-26,
2010,18,5,8799.0,0.0,278.0,1947.0,21.0,22.0,26.0,6.0,21.0,90.0,9.0,42.0,316.0,2010-05-03,
2010,19,5,9924.0,0.0,206.0,2165.0,27.0,19.0,23.0,14.0,26.0,107.0,13.0,63.0,181.0,2010-05-10,
2010,20,5,10705.0,0.0,193.0,2305.0,19.0,22.0,25.0,9.0,29.0,138.0,13.0,64.0,265.0,2010-05-17,
2010,21,5,8769.0,0.0,183.0,1980.0,22.0,13.0,26.0,7.0,37.0,125.0,6.0,47.0,322.0,2010-05-24,
2010,22,5,8828.0,0.0,138.0,2052.0,22.0,12.0,13.0,6.0,30.0,110.0,7.0,69.0,230.0,2010-05-31,
2010,23,6,13156.0,0.0,172.0,3045.0,23.0,17.0,27.0,9.0,36.0,256.0,12.0,107.0,139.0,2010-06-07,
2010,24,6,12632.0,0.0,201.0,2905.0,37.0,22.0,40.0,8.0,38.0,193.0,16.0,61.0,140.0,2010-06-14,
2010,25,6,11947.0,0.0,203.0,2685.0,25.0,8.0,26.0,7.0,52.0,259.0,12.0,71.0,120.0,2010-06-21,
2010,26,6,10018.0,0.0,200.0,2351.0,27.0,14.0,30.0,9.0,60.0,374.0,13.0,84.0,63.0,2010-06-28,
2010,27,7,9106.0,0.0,147.0,2088.0,25.0,14.0,16.0,8.0,35.0,203.0,8.0,55.0,44.0,2010-07-05,
2010,28,7,11253.0,0.0,222.0,2830.0,23.0,11.0,30.0,4.0,35.0,455.0,11.0,87.0,70.0,2010-07-12,
2010,29,7,11294.0,0.0,237.0,2697.0,24.0,14.0,36.0,12.0,32.0,407.0,18.0,84.0,89.0,2010-07-19,
2010,30,7,11017.0,0.0,246.0,2567.0,19.0,15.0,35.0,16.0,41.0,326.0,21.0,84.0,64.0,2010-07-26,
2010,31,8,12015.0,0.0,230.0,2879.0,19.0,26.0,38.0,6.0,33.0,308.0,22.0,81.0,62.0,2010-08-02,
2010,32,8,13225.0,0.0,227.0,3258.0,18.0,25.0,35.0,9.0,54.0,255.0,49.0,100.0,61.0,2010-08-09,
2010,33,8,11450.0,0.0,243.0,2762.0,14.0,15.0,26.0,9.0,52.0,312.0,20.0,109.0,84.0,2010-08-16,
2010,34,8,13226.0,0.0,273.0,3097.0,23.0,20.0,46.0,9.0,40.0,245.0,22.0,99.0,87.0,2010-08-23,
2010,35,8,11373.0,0.0,241.0,2953.0,20.0,20.0,34.0,11.0,39.0,196.0,20.0,87.0,94.0,2010-08-30,
2010,36,9,10836.0,0.0,223.0,2594.0,11.0,20.0,31.0,7.0,41.0,220.0,18.0,70.0,102.0,2010-09-06,
2010,37,9,11327.0,0.0,274.0,2872.0,20.0,22.0,41.0,15.0,34.0,265.0,25.0,71.0,140.0,2010-09-13,
2010,38,9,13553.0,0.0,244.0,3255.0,33.0,29.0,33.0,7.0,31.0,191.0,16.0,112.0,175.0,2010-09-20,
2010,39,9,13350.0,0.0,251.0,3126.0,21.0,14.0,26.0,26.0,45.0,199.0,24.0,113.0,154.0,2010-09-27,
2010,40,10,13257.0,0.0,229.0,3002.0,17.0,24.0,45.0,45.0,35.0,186.0,20.0,83.0,146.0,2010-10-04,
2010,41,10,11466.0,0.0,233.0,2933.0,17.0,21.0,31.0,5.0,46.0,249.0,21.0,98.0,127.0,2010-10-11,
2010,42,10,14906.0,0.0,263.0,3549.0,41.0,24.0,41.0,5.0,72.0,150.0,21.0,79.0,210.0,2010-10-18,
2010,43,10,13084.0,0.0,192.0,3026.0,19.0,14.0,25.0,4.0,51.0,111.0,4.0,103.0,152.0,2010-10-25,
2010,44,11,9957.0,0.0,221.0,2076.0,22.0,21.0,28.0,5.0,24.0,127.0,14.0,67.0,184.0,2010-11-01,
2010,45,11,10790.0,0.0,178.0,2334.0,23.0,16.0,32.0,13.0,24.0,86.0,15.0,50.0,116.0,2010-11-08,
2010,46,11,9338.0,0.0,206.0,2101.0,35.0,20.0,27.0,11.0,51.0,106.0,11.0,53.0,173.0,2010-11-15,
2010,47,11,7620.0,0.0,121.0,1849.0,24.0,15.0,17.0,4.0,23.0,67.0,11.0,46.0,100.0,2010-11-22,
2010,48,11,11987.0,0.0,200.0,2918.0,45.0,23.0,23.0,7.0,41.0,130.0,16.0,79.0,261.0,2010-11-29,
2010,49,12,12825.0,0.0,219.0,2956.0,41.0,15.0,26.0,5.0,29.0,88.0,17.0,89.0,181.0,2010-12-06,
2010,50,12,10376.0,0.0,195.0,2582.0,34.0,13.0,35.0,5.0,25.0,102.0,14.0,43.0,177.0,2010-12-13,
2010,51,12,7158.0,0.0,153.0,1750.0,15.0,7.0,23.0,3.0,21.0,103.0,8.0,29.0,96.0,2010-12-20,
2010,52,12,7549.0,0.0,150.0,1974.0,20.0,16.0,19.0,2.0,21.0,61.0,13.0,48.0,82.0,2010-12-27,
2011,1,1,9393.0,0.0,132.0,2253.0,30.0,6.0,17.0,6.0,20.0,35.0,7.0,40.0,62.0,2011-01-03,
2011,2,1,9996.0,0.0,134.0,2452.0,32.0,19.0,10.0,0.0,28.0,28.0,15.0,40.0,135.0,2011-01-10,
2011,3,1,10001.0,0.0,99.0,2494.0,36.0,13.0,7.0,3.0,14.0,25.0,8.0,53.0,101.0,2011-01-17,
2011,4,1,11722.0,0.0,140.0,2775.0,35.0,15.0,34.0,4.0,19.0,42.0,12.0,51.0,133.0,2011-01-24,
2011,5,1,11345.0,0.0,164.0,2593.0,26.0,18.0,24.0,4.0,21.0,33.0,10.0,66.0,83.0,2011-01-31,
2011,6,2,13224.0,0.0,175.0,2948.0,27.0,12.0,17.0,5.0,23.0,36.0,12.0,76.0,151.0,2011-02-07,
2011,7,2,12957.0,0.0,136.0,2952.0,30.0,19.0,15.0,7.0,23.0,41.0,5.0,107.0,123.0,2011-02-14,
2011,8,2,9568.0,0.0,126.0,2255.0,24.0,9.0,27.0,14.0,23.0,33.0,7.0,78.0,136.0,2011-02-21,
2011,9,2,12853.0,0.0,160.0,2577.0,19.0,14.0,20.0,5.0,26.0,34.0,5.0,59.0,139.0,2011-02-28,
2011,10,3,14855.0,0.0,168.0,2630.0,24.0,16.0,24.0,11.0,29.0,49.0,8.0,68.0,188.0,2011-03-07,
2011,11,3,12076.0,0.0,164.0,2588.0,31.0,11.0,14.0,7.0,19.0,37.0,9.0,67.0,127.0,2011-03-14,
2011,12,3,14057.0,0.0,163.0,2893.0,32.0,14.0,20.0,7.0,23.0,79.0,11.0,80.0,139.0,2011-03-21,
2011,13,3,10728.0,0.0,172.0,2147.0,30.0,12.0,23.0,13.0,21.0,45.0,7.0,51.0,163.0,2011-03-28,
2011,14,4,11485.0,0.0,180.0,2389.0,38.0,19.0,25.0,13.0,21.0,49.0,7.0,44.0,127.0,2011-04-04,
2011,15,4,13325.0,0.0,202.0,2639.0,19.0,9.0,19.0,11.0,21.0,72.0,12.0,92.0,140.0,2011-04-11,
2011,16,4,11427.0,0.0,130.0,2406.0,27.0,11.0,12.0,9.0,19.0,48.0,5.0,32.0,124.0,2011-04-18,
2011,17,4,13968.0,0.0,114.0,3033.0,22.0,6.0,16.0,10.0,15.0,52.0,10.0,92.0,157.0,2011-04-25,
2011,18,5,10421.0,0.0,154.0,2103.0,31.0,14.0,14.0,7.0,15.0,40.0,7.0,68.0,143.0,2011-05-02,
2011,19,5,13912.0,0.0,147.0,3188.0,36.0,19.0,18.0,12.0,24.0,125.0,15.0,68.0,175.0,2011-05-09,
2011,20,5,15504.0,0.0,134.0,3465.0,43.0,12.0,9.0,8.0,18.0,154.0,16.0,82.0,172.0,2011-05-16,
2011,21,5,12439.0,0.0,137.0,2791.0,40.0,14.0,18.0,12.0,23.0,177.0,12.0,72.0,130.0,2011-05-23,
2011,22,5,10175.0,0.0,123.0,2170.0,37.0,4.0,20.0,2.0,26.0,147.0,8.0,53.0,148.0,2011-05-30,
2011,23,6,12819.0,0.0,147.0,3044.0,36.0,12.0,24.0,6.0,38.0,233.0,15.0,69.0,148.0,2011-06-06,
2011,24,6,11452.0,0.0,143.0,2673.0,31.0,12.0,15.0,11.0,17.0,283.0,13.0,55.0,93.0,2011-06-13,
2011,25,6,11651.0,0.0,144.0,2710.0,18.0,12.0,29.0,7.0,23.0,361.0,14.0,55.0,67.0,2011-06-20,
2011,26,6,9778.0,0.0,124.0,2123.0,22.0,7.0,17.0,10.0,24.0,586.0,15.0,58.0,156.0,2011-06-27,
2011,27,7,8596.0,0.0,141.0,2030.0,28.0,11.0,13.0,9.0,34.0,469.0,10.0,40.0,42.0,2011-07-04,
2011,28,7,10304.0,0.0,161.0,2337.0,31.0,10.0,12.0,10.0,63.0,697.0,21.0,45.0,74.0,2011-07-11,
2011,29,7,10538.0,0.0,178.0,2419.0,20.0,9.0,27.0,4.0,53.0,767.0,13.0,58.0,74.0,2011-07-18,
2011,30,7,10173.0,0.0,187.0,2427.0,17.0,13.0,19.0,13.0,39.0,528.0,11.0,78.0,81.0,2011-07-25,
2011,31,8,11464.0,0.0,236.0,2651.0,26.0,5.0,20.0,15.0,35.0,461.0,22.0,122.0,57.0,2011-08-01,
2011,32,8,12020.0,0.0,232.0,3003.0,16.0,9.0,22.0,11.0,35.0,491.0,15.0,96.0,99.0,2011-08-08,
2011,33,8,12479.0,0.0,191.0,3070.0,25.0,13.0,11.0,10.0,47.0,249.0,17.0,76.0,58.0,2011-08-15,
2011,34,8,13958.0,0.0,240.0,3192.0,19.0,24.0,43.0,17.0,50.0,425.0,20.0,93.0,100.0,2011-08-22,
2011,35,8,12431.0,0.0,178.0,3039.0,20.0,11.0,14.0,5.0,62.0,259.0,19.0,99.0,74.0,2011-08-29,
2011,36,9,10093.0,0.0,199.0,2490.0,18.0,11.0,24.0,18.0,60.0,280.0,15.0,62.0,113.0,2011-09-05,
2011,37,9,13239.0,0.0,228.0,3366.0,25.0,15.0,30.0,9.0,62.0,372.0,18.0,86.0,75.0,2011-09-12,
2011,38,9,13595.0,0.0,245.0,3476.0,12.0,14.0,73.0,10.0,86.0,372.0,19.0,112.0,130.0,2011-09-19,
2011,39,9,12763.0,0.0,199.0,3130.0,20.0,11.0,24.0,15.0,68.0,324.0,16.0,79.0,166.0,2011-09-26,
2011,40,10,12573.0,0.0,216.0,3093.0,25.0,13.0,20.0,8.0,75.0,356.0,10.0,76.0,185.0,2011-10-03,
2011,41,10,12942.0,0.0,200.0,3232.0,28.0,12.0,13.0,9.0,77.0,314.0,16.0,66.0,106.0,2011-10-10,
2011,42,10,14140.0,0.0,207.0,3228.0,26.0,9.0,21.0,8.0,48.0,311.0,8.0,116.0,138.0,2011-10-17,
2011,43,10,11158.0,0.0,183.0,2368.0,26.0,10.0,23.0,4.0,51.0,358.0,17.0,55.0,208.0,2011-10-24,
2011,44,10,11034.0,0.0,195.0,2668.0,27.0,16.0,22.0,8.0,64.0,315.0,13.0,74.0,149.0,2011-10-31,
2011,45,11,9470.0,0.0,135.0,2241.0,28.0,10.0,15.0,16.0,45.0,222.0,13.0,43.0,155.0,2011-11-07,
2011,46,11,11031.0,0.0,160.0,2770.0,28.0,8.0,29.0,6.0,37.0,259.0,6.0,68.0,146.0,2011-11-14,
2011,47,11,6921.0,0.0,102.0,1733.0,26.0,9.0,15.0,5.0,37.0,182.0,5.0,48.0,104.0,2011-11-21,
2011,48,11,13211.0,0.0,154.0,3192.0,36.0,5.0,16.0,7.0,31.0,284.0,9.0,88.0,126.0,2011-11-28,
2011,49,12,15075.0,0.0,146.0,3617.0,35.0,15.0,16.0,11.0,36.0,200.0,7.0,100.0,171.0,2011-12-05,
2011,50,12,12532.0,0.0,148.0,2978.0,34.0,6.0,30.0,12.0,29.0,175.0,7.0,69.0,147.0,2011-12-12,
2011,51,12,10054.0,0.0,135.0,2326.0,38.0,13.0,23.0,11.0,34.0,221.0,4.0,75.0,113.0,2011-12-19,
2011,52,12,9313.0,1.0,150.0,2321.0,32.0,15.0,20.0,16.0,31.0,94.0,6.0,33.0,117.0,2011-12-26,
2012,1,1,6839.0,0.0,67.0,1792.0,32.0,2.0,7.0,6.0,21.0,70.0,4.0,25.0,77.0,2012-01-02,
2012,2,1,8893.0,0.0,90.0,2329.0,35.0,6.0,11.0,7.0,27.0,119.0,10.0,53.0,130.0,2012-01-09,
2012,3,1,11159.0,0.0,111.0,2693.0,31.0,4.0,30.0,8.0,16.0,113.0,14.0,58.0,108.0,2012-01-16,
2012,4,1,11755.0,0.0,99.0,2808.0,20.0,7.0,17.0,5.0,19.0,119.0,12.0,76.0,163.0,2012-01-23,
2012,5,1,12343.0,0.0,110.0,2841.0,32.0,9.0,19.0,13.0,17.0,92.0,12.0,60.0,157.0,2012-01-30,
2012,6,2,11081.0,0.0,118.0,2384.0,31.0,13.0,17.0,10.0,19.0,55.0,8.0,77.0,84.0,2012-02-06,
2012,7,2,11262.0,0.0,120.0,2627.0,35.0,20.0,19.0,14.0,19.0,72.0,1.0,82.0,164.0,2012-02-13,
2012,8,2,10634.0,0.0,100.0,2350.0,28.0,10.0,34.0,10.0,12.0,83.0,4.0,56.0,175.0,2012-02-20,
2012,9,2,12530.0,0.0,113.0,2901.0,36.0,16.0,29.0,8.0,17.0,74.0,5.0,77.0,204.0,2012-02-27,
2012,10,3,11288.0,0.0,110.0,2519.0,21.0,14.0,33.0,17.0,23.0,125.0,6.0,64.0,180.0,2012-03-05,
2012,11,3,11011.0,0.0,106.0,2553.0,24.0,9.0,21.0,11.0,21.0,66.0,4.0,69.0,207.0,2012-03-12,
2012,12,3,13520.0,0.0,105.0,3038.0,38.0,15.0,20.0,8.0,15.0,89.0,2.0,112.0,124.0,2012-03-19,
2012,13,3,12363.0,0.0,85.0,2797.0,24.0,9.0,23.0,6.0,18.0,113.0,9.0,96.0,198.0,2012-03-26,
2012,14,4,9944.0,0.0,93.0,2264.0,25.0,6.0,28.0,5.0,15.0,113.0,7.0,65.0,120.0,2012-04-02,
2012,15,4,13182.0,0.0,78.0,2805.0,27.0,7.0,16.0,10.0,23.0,93.0,5.0,73.0,224.0,2012-04-09,
2012,16,4,11971.0,0.0,73.0,2938.0,26.0,8.0,18.0,12.0,11.0,172.0,5.0,86.0,168.0,2012-04-16,
2012,17,4,12203.0,0.0,95.0,2635.0,23.0,10.0,83.0,10.0,12.0,135.0,14.0,94.0,157.0,2012-04-23,
2012,18,4,11344.0,0.0,104.0,2751.0,29.0,22.0,13.0,8.0,14.0,130.0,7.0,47.0,209.0,2012-04-30,
2012,19,5,11984.0,0.0,116.0,2869.0,32.0,20.0,22.0,5.0,24.0,203.0,10.0,99.0,163.0,2012-05-07,
2012,20,5,13746.0,0.0,128.0,3259.0,34.0,19.0,28.0,10.0,28.0,95.0,13.0,98.0,140.0,2012-05-14,
2012,21,5,9679.0,0.0,107.0,2313.0,13.0,11.0,16.0,12.0,37.0,124.0,12.0,50.0,190.0,2012-05-21,
2012,22,5,9035.0,0.0,99.0,2090.0,18.0,13.0,30.0,10.0,37.0,109.0,8.0,49.0,139.0,2012-05-28,
2012,23,6,10562.0,0.0,117.0,2430.0,27.0,10.0,19.0,11.0,30.0,127.0,10.0,85.0,110.0,2012-06-04,
2012,24,6,7009.0,0.0,64.0,1626.0,27.0,15.0,9.0,12.0,24.0,160.0,6.0,56.0,75.0,2012-06-11,
2012,25,6,8940.0,0.0,117.0,2294.0,18.0,6.0,29.0,7.0,39.0,137.0,13.0,64.0,80.0,2012-06-18,
2012,26,6,9970.0,0.0,94.0,2267.0,20.0,10.0,20.0,7.0,37.0,212.0,13.0,62.0,39.0,2012-06-25,
2012,27,7,8586.0,0.0,89.0,2214.0,14.0,7.0,18.0,16.0,35.0,161.0,15.0,42.0,68.0,2012-07-02,
2012,28,7,11728.0,0.0,112.0,2985.0,22.0,17.0,8.0,15.0,28.0,266.0,18.0,63.0,40.0,2012-07-09,
2012,29,7,13368.0,0.0,213.0,3370.0,21.0,10.0,24.0,12.0,39.0,248.0,13.0,84.0,71.0,2012-07-16,
2012,30,7,11307.0,1.0,119.0,2822.0,22.0,11.0,23.0,12.0,22.0,254.0,10.0,65.0,46.0,2012-07-23,
2012,31,7,12947.0,0.0,147.0,3235.0,22.0,8.0,18.0,17.0,38.0,249.0,12.0,87.0,65.0,2012-07-30,
2012,32,8,11267.0,0.0,143.0,2893.0,24.0,11.0,19.0,9.0,40.0,236.0,12.0,56.0,79.0,2012-08-06,
2012,33,8,14223.0,0.0,145.0,3571.0,22.0,8.0,14.0,12.0,37.0,236.0,10.0,106.0,52.0,2012-08-13,
2012,34,8,12677.0,0.0,183.0,3251.0,22.0,16.0,25.0,21.0,68.0,163.0,17.0,93.0,43.0,2012-08-20,
2012,35,8,10710.0,0.0,169.0,2710.0,17.0,15.0,22.0,11.0,48.0,138.0,19.0,52.0,57.0,2012-08-27,
2012,36,9,10963.0,0.0,140.0,2830.0,28.0,13.0,13.0,19.0,31.0,101.0,8.0,68.0,52.0,2012-09-03,
2012,37,9,14471.0,0.0,218.0,3512.0,15.0,17.0,21.0,24.0,40.0,156.0,20.0,90.0,131.0,2012-09-10,
2012,38,9,12128.0,0.0,194.0,2847.0,24.0,21.0,20.0,26.0,48.0,173.0,9.0,62.0,99.0,2012-09-17,
2012,39,9,16229.0,0.0,167.0,3887.0,14.0,10.0,26.0,12.0,35.0,161.0,15.0,97.0,138.0,2012-09-24,
2012,40,10,12870.0,0.0,126.0,3313.0,20.0,19.0,30.0,15.0,39.0,151.0,12.0,119.0,96.0,2012-10-01,
2012,41,10,10793.0,0.0,127.0,2487.0,19.0,10.0,19.0,6.0,46.0,75.0,10.0,63.0,131.0,2012-10-08,
2012,42,10,13031.0,0.0,171.0,3271.0,28.0,12.0,25.0,12.0,45.0,119.0,13.0,94.0,118.0,2012-10-15,
2012,43,10,11030.0,0.0,185.0,2725.0,16.0,6.0,24.0,13.0,40.0,95.0,6.0,67.0,95.0,2012-10-22,
2012,44,10,12436.0,0.0,100.0,3131.0,17.0,6.0,12.0,17.0,30.0,100.0,5.0,82.0,107.0,2012-10-29,
2012,45,11,10354.0,0.0,112.0,2417.0,23.0,12.0,27.0,11.0,23.0,97.0,6.0,87.0,147.0,2012-11-05,
2012,46,11,10999.0,0.0,123.0,2773.0,24.0,17.0,17.0,8.0,37.0,75.0,3.0,46.0,88.0,2012-11-12,
2012,47,11,7376.0,0.0,120.0,1595.0,26.0,12.0,14.0,6.0,24.0,86.0,4.0,49.0,95.0,2012-11-19,
2012,48,11,12434.0,0.0,122.0,3081.0,38.0,12.0,23.0,7.0,40.0,192.0,14.0,79.0,133.0,2012-11-26,
2012,49,12,11765.0,0.0,92.0,2938.0,38.0,3.0,22.0,11.0,25.0,119.0,4.0,48.0,121.0,2012-12-03,
2012,50,12,10443.0,0.0,106.0,2595.0,27.0,5.0,16.0,18.0,14.0,89.0,2.0,48.0,145.0,2012-12-10,
2012,51,12,7261.0,0.0,125.0,1734.0,31.0,21.0,23.0,6.0,18.0,120.0,8.0,28.0,61.0,2012-12-17,
2012,52,12,4664.0,0.0,80.0,956.0,35.0,5.0,15.0,7.0,15.0,54.0,4.0,16.0,11.0,2012-12-24,
2012,1,12,0.0,0.0,0.0,0.0,0.0,0.0,0.0,0.0,0.0,0.0,0.0,0.0,0.0,2012-12-31,4.0
2013,1,1,5952.0,0.0,47.0,1421.0,29.0,1.0,11.0,2.0,9.0,33.0,8.0,30.0,39.0,2013-01-07,
2013,2,1,11469.0,0.0,67.0,2832.0,37.0,8.0,14.0,4.0,16.0,65.0,4.0,75.0,30.0,2013-01-14,
2013,3,1,14066.0,0.0,97.0,3441.0,26.0,5.0,12.0,5.0,19.0,35.0,13.0,62.0,41.0,2013-01-21,
2013,4,1,14049.0,0.0,116.0,3192.0,36.0,7.0,20.0,4.0,9.0,30.0,9.0,85.0,32.0,2013-01-28,
2013,5,2,13116.0,0.0,110.0,3219.0,53.0,18.0,22.0,16.0,21.0,35.0,13.0,72.0,55.0,2013-02-04,
2013,6,2,11026.0,0.0,84.0,2542.0,40.0,23.0,26.0,15.0,16.0,28.0,10.0,71.0,39.0,2013-02-11,
2013,7,2,10993.0,0.0,127.0,2497.0,36.0,13.0,18.0,14.0,27.0,44.0,7.0,53.0,104.0,2013-02-18,
2013,8,2,9350.0,0.0,107.0,1977.0,49.0,12.0,32.0,6.0,23.0,42.0,6.0,54.0,83.0,2013-02-25,
2013,9,3,12629.0,0.0,132.0,2908.0,32.0,10.0,19.0,15.0,22.0,61.0,6.0,63.0,88.0,2013-03-04,
2013,10,3,13520.0,0.0,118.0,3098.0,38.0,8.0,10.0,15.0,17.0,25.0,6.0,68.0,76.0,2013-03-11,
2013,11,3,12158.0,0.0,98.0,2771.0,12.0,6.0,8.0,3.0,16.0,20.0,2.0,86.0,96.0,2013-03-18,
2013,12,3,14284.0,0.0,173.0,3256.0,30.0,6.0,22.0,9.0,10.0,31.0,4.0,79.0,119.0,2013-03-25,
2013,13,4,10737.0,0.0,119.0,2435.0,29.0,15.0,18.0,27.0,21.0,36.0,7.0,62.0,84.0,2013-04-01,
2013,14,4,10339.0,0.0,106.0,2415.0,24.0,7.0,24.0,19.0,14.0,50.0,12.0,59.0,89.0,2013-04-08,
2013,15,4,11043.0,0.0,149.0,2484.0,39.0,14.0,20.0,7.0,9.0,57.0,6.0,70.0,83.0,2013-04-15,
2013,16,4,11370.0,0.0,125.0,2583.0,37.0,15.0,23.0,16.0,9.0,47.0,8.0,79.0,101.0,2013-04-22,
2013,17,4,12066.0,0.0,111.0,2637.0,34.0,7.0,21.0,8.0,13.0,56.0,5.0,80.0,140.0,2013-04-29,
2013,18,5,11255.0,0.0,102.0,2640.0,32.0,11.0,21.0,8.0,12.0,89.0,11.0,83.0,129.0,2013-05-06,
2013,19,5,13564.0,0.0,117.0,3054.0,36.0,11.0,34.0,14.0,17.0,69.0,9.0,84.0,111.0,2013-05-13,
2013,20,5,13107.0,0.0,133.0,2888.0,46.0,13.0,15.0,16.0,25.0,73.0,10.0,76.0,126.0,2013-05-20,
2013,21,5,10577.0,0.0,91.0,2380.0,23.0,9.0,27.0,9.0,14.0,63.0,11.0,76.0,91.0,2013-05-27,
2013,22,6,9720.0,0.0,100.0,2290.0,27.0,10.0,19.0,17.0,30.0,76.0,10.0,60.0,88.0,2013-06-03,
2013,23,6,14901.0,0.0,113.0,3387.0,39.0,14.0,38.0,17.0,51.0,124.0,7.0,135.0,160.0,2013-06-10,
2013,24,6,12269.0,0.0,95.0,2963.0,17.0,11.0,18.0,10.0,45.0,137.0,6.0,60.0,93.0,2013-06-17,
2013,25,6,14562.0,0.0,149.0,3517.0,27.0,7.0,18.0,24.0,90.0,209.0,13.0,102.0,82.0,2013-06-24,
2013,26,7,10271.0,0.0,102.0,2307.0,40.0,10.0,15.0,11.0,105.0,272.0,8.0,68.0,59.0,2013-07-01,
2013,27,7,11275.0,0.0,108.0,2529.0,19.0,10.0,23.0,6.0,79.0,267.0,9.0,75.0,45.0,2013-07-08,
2013,28,7,12299.0,0.0,157.0,3164.0,28.0,12.0,25.0,7.0,82.0,456.0,17.0,73.0,63.0,2013-07-15,
2013,29,7,14609.0,0.0,190.0,3530.0,24.0,17.0,15.0,7.0,117.0,443.0,19.0,109.0,45.0,2013-07-22,
2013,30,7,12016.0,0.0,178.0,2875.0,25.0,11.0,19.0,14.0,128.0,547.0,17.0,63.0,70.0,2013-07-29,
2013,31,8,11178.0,0.0,214.0,2641.0,18.0,13.0,22.0,15.0,56.0,518.0,19.0,76.0,35.0,2013-08-05,
2013,32,8,10000.0,0.0,201.0,2432.0,25.0,15.0,21.0,5.0,39.0,458.0,8.0,75.0,61.0,2013-08-12,
2013,33,8,14383.0,0.0,190.0,3384.0,31.0,15.0,24.0,19.0,67.0,376.0,7.0,119.0,58.0,2013-08-19,
2013,34,8,10743.0,0.0,185.0,2546.0,11.0,11.0,9.0,3.0,64.0,354.0,12.0,71.0,97.0,2013-08-26,
2013,35,9,11448.0,1.0,191.0,2724.0,26.0,10.0,4.0,15.0,53.0,292.0,6.0,90.0,106.0,2013-09-02,
2013,36,9,9375.0,0.0,182.0,2298.0,26.0,12.0,15.0,6.0,49.0,217.0,24.0,78.0,81.0,2013-09-09,
2013,37,9,14162.0,0.0,196.0,3411.0,15.0,15.0,21.0,7.0,41.0,232.0,13.0,126.0,105.0,2013-09-16,
2013,38,9,15293.0,0.0,28.0,181.0,5.0,15.0,12.0,15.0,28.0,181.0,5.0,198.0,106.0,2013-09-23,
2013,39,9,11519.0,1.0,186.0,2873.0,20.0,19.0,24.0,27.0,36.0,118.0,12.0,72.0,95.0,2013-09-30,
2013,40,10,14105.0,0.0,211.0,3459.0,39.0,19.0,30.0,18.0,52.0,323.0,11.0,91.0,123.0,2013-10-07,
2013,41,10,11592.0,0.0,166.0,2755.0,28.0,22.0,15.0,8.0,47.0,176.0,4.0,65.0,95.0,2013-10-14,
2013,42,10,12945.0,0.0,187.0,3214.0,31.0,14.0,18.0,6.0,33.0,148.0,11.0,115.0,160.0,2013-10-21,
2013,43,10,14918.0,0.0,193.0,3469.0,24.0,17.0,22.0,12.0,33.0,212.0,9.0,112.0,125.0,2013-10-28,
2013,44,11,15559.0,0.0,204.0,3742.0,25.0,18.0,19.0,13.0,56.0,250.0,10.0,152.0,134.0,2013-11-04,
2013,45,11,10546.0,0.0,140.0,2448.0,19.0,10.0,15.0,16.0,27.0,113.0,18.0,94.0,114.0,2013-11-11,
2013,46,11,12865.0,0.0,122.0,3107.0,21.0,7.0,22.0,9.0,25.0,144.0,7.0,98.0,140.0,2013-11-18,
2013,47,11,9305.0,0.0,178.0,2224.0,16.0,8.0,12.0,8.0,18.0,156.0,5.0,93.0,68.0,2013-11-25,
2013,48,12,7658.0,0.0,104.0,1723.0,18.0,9.0,24.0,26.0,21.0,81.0,6.0,45.0,78.0,2013-12-02,
2013,49,12,11666.0,0.0,132.0,3140.0,41.0,13.0,27.0,32.0,46.0,101.0,12.0,94.0,115.0,2013-12-09,
2013,50,12,14062.0,0.0,122.0,3771.0,34.0,9.0,22.0,16.0,33.0,110.0,7.0,135.0,121.0,2013-12-16,
2013,51,12,11438.0,0.0,186.0,3117.0,44.0,9.0,29.0,17.0,39.0,70.0,11.0,82.0,97.0,2013-12-23,
2013,52,12,5204.0,0.0,107.0,1255.0,25.0,9.0,52.0,32.0,20.0,56.0,4.0,40.0,53.0,2013-12-30,
2014,1,1,9183.0,0.0,62.0,2444.0,26.0,7.0,9.0,1.0,16.0,10.0,7.0,55.0,24.0,2014-01-06,
2014,2,1,12163.0,0.0,102.0,3067.0,50.0,6.0,15.0,8.0,25.0,16.0,8.0,102.0,50.0,2014-01-13,
2014,3,1,10630.0,0.0,113.0,2474.0,34.0,8.0,21.0,4.0,29.0,21.0,8.0,86.0,88.0,2014-01-20,
2014,4,1,8724.0,0.0,92.0,2083.0,23.0,7.0,29.0,10.0,15.0,16.0,9.0,51.0,109.0,2014-01-27,
2014,5,2,11731.0,0.0,129.0,2738.0,29.0,7.0,24.0,16.0,38.0,31.0,13.0,84.0,67.0,2014-02-03,
2014,6,2,12429.0,0.0,144.0,2907.0,26.0,8.0,24.0,18.0,17.0,32.0,6.0,103.0,81.0,2014-02-10,
2014,7,2,11336.0,0.0,121.0,2841.0,35.0,9.0,16.0,12.0,25.0,27.0,10.0,80.0,74.0,2014-02-17,
2014,8,2,11741.0,0.0,93.0,2815.0,29.0,12.0,16.0,12.0,17.0,24.0,11.0,73.0,83.0,2014-02-24,
2014,9,3,12996.0,0.0,115.0,2820.0,25.0,8.0,20.0,16.0,13.0,44.0,12.0,120.0,87.0,2014-03-03,
2014,10,3,15078.0,0.0,114.0,3407.0,30.0,9.0,30.0,6.0,30.0,45.0,8.0,98.0,89.0,2014-03-10,
2014,11,3,14935.0,0.0,121.0,3386.0,21.0,8.0,22.0,13.0,38.0,25.0,14.0,121.0,68.0,2014-03-17,
2014,12,3,11755.0,0.0,137.0,2809.0,34.0,9.0,18.0,14.0,30.0,45.0,4.0,82.0,108.0,2014-03-24,
2014,13,3,13592.0,0.0,133.0,2782.0,33.0,10.0,33.0,20.0,36.0,40.0,10.0,103.0,120.0,2014-03-31,
2014,14,4,15122.0,0.0,127.0,3324.0,35.0,5.0,24.0,15.0,26.0,67.0,11.0,97.0,94.0,2014-04-07,
2014,15,4,9866.0,0.0,91.0,2398.0,17.0,6.0,26.0,9.0,29.0,24.0,3.0,82.0,113.0,2014-04-14,
2014,16,4,12436.0,0.0,135.0,3053.0,31.0,9.0,26.0,17.0,37.0,76.0,12.0,74.0,89.0,2014-04-21,
2014,17,4,11089.0,0.0,93.0,2501.0,25.0,7.0,25.0,13.0,24.0,489.0,2.0,79.0,125.0,2014-04-28,
2014,18,5,12667.0,0.0,176.0,3060.0,26.0,16.0,28.0,10.0,34.0,103.0,7.0,126.0,155.0,2014-05-05,
2014,19,5,11358.0,0.0,165.0,2638.0,33.0,14.0,22.0,15.0,39.0,157.0,10.0,101.0,109.0,2014-05-12,
2014,20,5,14528.0,0.0,174.0,3246.0,33.0,10.0,31.0,13.0,32.0,177.0,13.0,132.0,147.0,2014-05-19,
2014,21,5,10328.0,0.0,124.0,2429.0,33.0,15.0,19.0,14.0,27.0,174.0,10.0,91.0,116.0,2014-05-26,
2014,22,6,11963.0,0.0,129.0,2965.0,28.0,7.0,26.0,12.0,37.0,178.0,11.0,127.0,118.0,2014-06-02,
2014,23,6,12251.0,0.0,145.0,2861.0,36.0,14.0,32.0,12.0,37.0,243.0,17.0,119.0,146.0,2014-06-09,
2014,24,6,12296.0,0.0,117.0,2909.0,32.0,4.0,31.0,8.0,44.0,270.0,10.0,125.0,124.0,2014-06-16,
2014,25,6,13326.0,0.0,148.0,3074.0,27.0,10.0,12.0,11.0,67.0,333.0,18.0,95.0,102.0,2014-06-23,
2014,26,6,10933.0,0.0,146.0,2609.0,32.0,11.0,23.0,10.0,93.0,429.0,22.0,104.0,74.0,2014-06-30,
2014,27,7,8309.0,0.0,99.0,2045.0,30.0,8.0,23.0,17.0,93.0,363.0,23.0,73.0,65.0,2014-07-07,
2014,28,7,11712.0,0.0,145.0,2911.0,39.0,9.0,25.0,25.0,70.0,509.0,14.0,105.0,53.0,2014-07-14,
2014,29,7,13456.0,0.0,181.0,3281.0,28.0,8.0,17.0,17.0,59.0,439.0,34.0,109.0,79.0,2014-07-21,
2014,30,7,11418.0,0.0,172.0,2873.0,35.0,11.0,18.0,14.0,79.0,500.0,13.0,97.0,84.0,2014-07-28,
2014,31,8,13679.0,0.0,185.0,3310.0,26.0,15.0,95.0,22.0,102.0,494.0,24.0,88.0,79.0,2014-08-04,
2014,32,8,13271.0,0.0,182.0,3167.0,30.0,15.0,68.0,8.0,57.0,403.0,19.0,112.0,65.0,2014-08-11,
2014,33,8,12035.0,0.0,227.0,3213.0,31.0,12.0,70.0,16.0,85.0,370.0,25.0,108.0,58.0,2014-08-18,
2014,34,8,14406.0,0.0,225.0,3577.0,33.0,11.0,16.0,16.0,62.0,393.0,30.0,137.0,64.0,2014-08-25,
2014,35,9,11230.0,0.0,218.0,2680.0,22.0,8.0,23.0,9.0,76.0,324.0,25.0,87.0,87.0,2014-09-01,
2014,36,9,9257.0,0.0,145.0,2337.0,15.0,14.0,20.0,8.0,56.0,238.0,27.0,56.0,81.0,2014-09-08,
2014,37,9,13665.0,0.0,217.0,3462.0,20.0,14.0,32.0,4.0,60.0,289.0,31.0,111.0,114.0,2014-09-15,
2014,38,9,12947.0,0.0,186.0,3249.0,21.0,5.0,28.0,11.0,74.0,230.0,13.0,102.0,119.0,2014-09-22,
2014,39,9,12832.0,0.0,248.0,2752.0,22.0,9.0,25.0,16.0,79.0,228.0,18.0,85.0,110.0,2014-09-29,
2014,40,10,11751.0,0.0,203.0,2803.0,23.0,10.0,23.0,20.0,57.0,194.0,22.0,89.0,123.0,2014-10-06,
2014,41,10,14412.0,0.0,183.0,3370.0,24.0,9.0,14.0,6.0,60.0,169.0,16.0,131.0,106.0,2014-10-13,
2014,42,10,14113.0,0.0,195.0,3176.0,33.0,8.0,27.0,11.0,41.0,157.0,12.0,103.0,86.0,2014-10-20,
2014,43,10,10689.0,0.0,159.0,2460.0,24.0,10.0,13.0,7.0,61.0,153.0,17.0,98.0,120.0,2014-10-27,
2014,44,11,12714.0,0.0,167.0,3049.0,27.0,8.0,15.0,8.0,73.0,140.0,14.0,92.0,141.0,2014-11-03,
2014,45,11,10750.0,0.0,182.0,2559.0,21.0,9.0,13.0,19.0,54.0,135.0,9.0,95.0,138.0,2014-11-10,
2014,46,11,13327.0,0.0,125.0,3271.0,19.0,11.0,25.0,7.0,56.0,141.0,13.0,85.0,123.0,2014-11-17,
2014,47,11,10344.0,0.0,125.0,2229.0,23.0,13.0,16.0,14.0,44.0,230.0,5.0,70.0,101.0,2014-11-24,
2014,48,12,8692.0,0.0,110.0,1918.0,26.0,5.0,28.0,29.0,40.0,82.0,5.0,59.0,69.0,2014-12-01,
2014,49,12,15322.0,0.0,138.0,3876.0,34.0,12.0,25.0,29.0,49.0,110.0,13.0,145.0,73.0,2014-12-08,
2014,50,12,12752.0,0.0,124.0,2966.0,21.0,12.0,13.0,11.0,44.0,176.0,7.0,98.0,71.0,2014-12-15,
2014,51,12,13540.0,0.0,135.0,3222.0,28.0,15.0,31.0,20.0,43.0,112.0,16.0,137.0,100.0,2014-12-22,
2014,52,12,5554.0,0.0,116.0,1669.0,27.0,3.0,7.0,4.0,33.0,51.0,2.0,54.0,47.0,2014-12-29,
2014,53,1,9889.0,0.0,79.0,2908.0,47.0,9.0,13.0,7.0,26.0,47.0,8.0,90.0,32.0,2015-01-05,
2015,1,1,10381.0,0.0,89.0,2906.0,51.0,9.0,21.0,11.0,36.0,17.0,6.0,100.0,68.0,2015-01-05,
2015,2,1,10577.0,0.0,101.0,2182.0,47.0,10.0,19.0,10.0,44.0,28.0,8.0,67.0,68.0,2015-01-12,
2015,3,1,13282.0,0.0,95.0,3028.0,40.0,7.0,24.0,13.0,32.0,33.0,8.0,101.0,58.0,2015-01-19,
2015,4,1,14212.0,0.0,120.0,2996.0,39.0,6.0,13.0,18.0,30.0,30.0,7.0,97.0,70.0,2015-01-26,
2015,5,2,14619.0,0.0,120.0,4052.0,35.0,11.0,26.0,6.0,40.0,82.0,5.0,129.0,81.0,2015-02-02,
2015,6,2,10355.0,1.0,140.0,2375.0,35.0,12.0,26.0,7.0,25.0,55.0,4.0,80.0,57.0,2015-02-09,
2015,7,2,10450.0,0.0,95.0,2552.0,22.0,8.0,20.0,9.0,36.0,33.0,4.0,80.0,105.0,2015-02-16,
2015,8,2,10986.0,0.0,129.0,3.0,33.0,8.0,109.0,7.0,37.0,38.0,3.0,113.0,99.0,2015-02-23,
2015,9,3,11754.0,0.0,117.0,3665.0,24.0,9.0,33.0,38.0,25.0,39.0,6.0,101.0,96.0,2015-03-02,
2015,10,3,13248.0,0.0,157.0,3126.0,37.0,11.0,27.0,16.0,31.0,42.0,7.0,121.0,101.0,2015-03-09,
2015,11,3,14341.0,0.0,128.0,3574.0,28.0,14.0,22.0,16.0,30.0,35.0,2.0,139.0,93.0,2015-03-16,
2015,12,3,15184.0,0.0,84.0,3551.0,38.0,8.0,24.0,14.0,38.0,48.0,1.0,136.0,107.0,2015-03-23,
2015,13,3,10759.0,0.0,111.0,2535.0,33.0,7.0,38.0,11.0,39.0,39.0,4.0,107.0,73.0,2015-03-30,
2015,14,4,10252.0,0.0,109.0,2404.0,33.0,20.0,19.0,8.0,32.0,46.0,3.0,136.0,85.0,2015-04-06,
2015,15,4,15619.0,0.0,120.0,3875.0,29.0,15.0,29.0,16.0,39.0,47.0,9.0,143.0,136.0,2015-04-13,
2015,16,4,14881.0,0.0,112.0,3538.0,49.0,20.0,24.0,9.0,34.0,59.0,7.0,164.0,115.0,2015-04-20,
2015,17,4,12090.0,0.0,98.0,3.0,31.0,9.0,24.0,13.0,45.0,789.0,5.0,99.0,122.0,2015-04-27,
2015,18,5,12255.0,0.0,105.0,3.0,52.0,10.0,29.0,11.0,34.0,1331.0,8.0,101.0,102.0,2015-05-04,
2015,19,5,11831.0,0.0,143.0,2950.0,28.0,20.0,23.0,11.0,49.0,784.0,24.0,94.0,115.0,2015-05-11,
2015,20,5,9930.0,0.0,88.0,2.0,32.0,10.0,20.0,12.0,48.0,52.0,10.0,99.0,72.0,2015-05-18,
2015,21,5,10343.0,0.0,94.0,2778.0,33.0,14.0,20.0,13.0,42.0,94.0,11.0,79.0,76.0,2015-05-25,
2015,22,6,12149.0,0.0,156.0,3118.0,44.0,14.0,18.0,4.0,48.0,158.0,11.0,153.0,80.0,2015-06-01,
2015,23,6,11384.0,0.0,96.0,2892.0,33.0,10.0,26.0,9.0,40.0,181.0,13.0,120.0,76.0,2015-06-08,
2015,24,6,15433.0,0.0,97.0,4264.0,32.0,13.0,20.0,9.0,58.0,292.0,16.0,129.0,66.0,2015-06-15,
2015,25,6,9890.0,0.0,113.0,2600.0,40.0,13.0,26.0,14.0,47.0,331.0,17.0,93.0,62.0,2015-06-22,
2015,26,6,10683.0,0.0,95.0,2769.0,33.0,13.0,21.0,23.0,60.0,328.0,12.0,95.0,41.0,2015-06-29,
2015,27,7,16612.0,0.0,125.0,4047.0,44.0,21.0,23.0,15.0,132.0,494.0,33.0,137.0,58.0,2015-07-06,
2015,28,7,14282.0,0.0,132.0,3680.0,33.0,13.0,35.0,16.0,116.0,525.0,17.0,145.0,51.0,2015-07-13,
2015,29,7,12659.0,0.0,140.0,3416.0,34.0,16.0,25.0,15.0,126.0,540.0,19.0,146.0,58.0,2015-07-20,
2015,30,7,12010.0,0.0,132.0,3072.0,19.0,20.0,23.0,18.0,112.0,522.0,8.0,106.0,48.0,2015-07-27,
2015,31,8,12184.0,0.0,170.0,3271.0,50.0,12.0,30.0,19.0,102.0,509.0,20.0,128.0,52.0,2015-08-03,
2015,32,8,12127.0,0.0,199.0,2983.0,38.0,11.0,29.0,15.0,164.0,435.0,29.0,134.0,61.0,2015-08-10,
2015,33,8,12976.0,0.0,181.0,3325.0,24.0,16.0,20.0,12.0,73.0,406.0,33.0,129.0,55.0,2015-08-17,
2015,34,8,17278.0,0.0,169.0,4207.0,21.0,16.0,32.0,13.0,65.0,284.0,25.0,174.0,82.0,2015-08-24,
2015,35,8,13825.0,0.0,165.0,3379.0,30.0,13.0,25.0,12.0,57.0,305.0,17.0,112.0,66.0,2015-08-31,
2015,36,9,12519.0,0.0,137.0,3465.0,83.0,11.0,36.0,13.0,61.0,202.0,24.0,111.0,58.0,2015-09-07,
2015,37,9,17174.0,0.0,168.0,4886.0,31.0,15.0,20.0,10.0,57.0,267.0,17.0,144.0,126.0,2015-09-14,
2015,38,9,16407.0,0.0,161.0,4534.0,29.0,18.0,33.0,12.0,76.0,188.0,19.0,140.0,137.0,2015-09-21,
2015,39,9,16254.0,0.0,170.0,4512.0,37.0,12.0,25.0,15.0,91.0,249.0,12.0,146.0,95.0,2015-09-28,
2015,40,10,15590.0,0.0,144.0,4206.0,34.0,15.0,40.0,17.0,59.0,231.0,16.0,130.0,105.0,2015-10-05,
2015,41,10,16011.0,0.0,186.0,4255.0,32.0,10.0,24.0,12.0,85.0,153.0,13.0,123.0,85.0,2015-10-12,
2015,42,10,17106.0,0.0,195.0,4482.0,27.0,7.0,17.0,13.0,71.0,176.0,14.0,150.0,100.0,2015-10-19,
2015,43,10,17221.0,0.0,170.0,5004.0,44.0,7.0,29.0,14.0,55.0,167.0,20.0,137.0,115.0,2015-10-26,
2015,44,11,14740.0,0.0,225.0,4030.0,36.0,13.0,35.0,10.0,37.0,210.0,15.0,96.0,84.0,2015-11-02,
2015,45,11,16571.0,0.0,177.0,4299.0,24.0,10.0,22.0,10.0,39.0,130.0,15.0,90.0,90.0,2015-11-09,
2015,46,11,15040.0,0.0,147.0,4018.0,29.0,5.0,44.0,10.0,39.0,133.0,22.0,130.0,106.0,2015-11-16,
2015,47,11,10963.0,0.0,86.0,2779.0,29.0,7.0,15.0,21.0,37.0,90.0,6.0,75.0,66.0,2015-11-23,
2015,48,11,16152.0,0.0,108.0,4795.0,36.0,19.0,37.0,17.0,45.0,178.0,19.0,140.0,98.0,2015-11-30,
2015,49,12,16685.0,0.0,112.0,4882.0,44.0,13.0,21.0,14.0,42.0,139.0,10.0,191.0,97.0,2015-12-07,
2015,50,12,15286.0,0.0,142.0,4167.0,34.0,16.0,22.0,8.0,37.0,118.0,7.0,134.0,109.0,2015-12-14,
2015,51,12,10247.0,0.0,88.0,2878.0,39.0,7.0,19.0,16.0,31.0,80.0,9.0,80.0,54.0,2015-12-21,
2015,52,12,11024.0,0.0,115.0,3207.0,44.0,13.0,29.0,13.0,23.0,71.0,8.0,99.0,59.0,2015-12-28,
2016,1,1,11455.0,0.0,84.0,3871.0,55.0,9.0,20.0,9.0,38.0,48.0,11.0,66.0,78.0,2016-01-04,
2016,2,1,12933.0,0.0,90.0,3751.0,52.0,12.0,16.0,7.0,28.0,49.0,4.0,99.0,81.0,2016-01-11,
2016,3,1,13503.0,0.0,103.0,3711.0,44.0,5.0,24.0,13.0,52.0,55.0,5.0,74.0,55.0,2016-01-18,
2016,4,1,13615.0,0.0,113.0,3725.0,52.0,13.0,21.0,12.0,32.0,53.0,4.0,99.0,119.0,2016-01-25,
2016,5,2,12431.0,0.0,126.0,3118.0,52.0,16.0,23.0,13.0,26.0,56.0,13.0,67.0,84.0,2016-02-01,
2016,6,2,14148.0,1.0,99.0,3714.0,44.0,17.0,19.0,7.0,18.0,62.0,10.0,73.0,98.0,2016-02-08,
2016,7,2,10756.0,0.0,111.0,2738.0,42.0,10.0,21.0,15.0,29.0,39.0,5.0,56.0,65.0,2016-02-15,
2016,8,2,13048.0,0.0,152.0,3131.0,37.0,7.0,30.0,12.0,26.0,47.0,8.0,94.0,106.0,2016-02-22,
2016,9,2,15739.0,0.0,102.0,3949.0,57.0,14.0,20.0,10.0,21.0,53.0,6.0,91.0,97.0,2016-02-29,
2016,10,3,16259.0,0.0,123.0,4109.0,41.0,12.0,16.0,13.0,26.0,54.0,8.0,93.0,57.0,2016-03-07,
2016,11,3,15580.0,0.0,105.0,3969.0,33.0,7.0,20.0,4.0,30.0,50.0,5.0,96.0,78.0,2016-03-14,
2016,12,3,15595.0,0.0,116.0,3966.0,44.0,10.0,15.0,6.0,40.0,73.0,10.0,84.0,92.0,2016-03-21,
2016,13,3,14552.0,0.0,124.0,3976.0,36.0,14.0,33.0,15.0,35.0,78.0,7.0,89.0,97.0,2016-03-28,
2016,14,4,16154.0,0.0,141.0,3862.0,43.0,4.0,18.0,11.0,25.0,57.0,5.0,108.0,97.0,2016-04-04,
2016,15,4,16220.0,0.0,163.0,3895.0,107.0,11.0,31.0,12.0,26.0,55.0,10.0,87.0,97.0,2016-04-11,
2016,16,4,14126.0,0.0,143.0,3411.0,37.0,19.0,19.0,10.0,25.0,635.0,13.0,99.0,86.0,2016-04-18,
2016,17,4,15551.0,0.0,138.0,4040.0,48.0,18.0,18.0,13.0,22.0,64.0,12.0,126.0,89.0,2016-04-25,
2016,18,5,16725.0,0.0,138.0,4190.0,39.0,11.0,13.0,18.0,27.0,342.0,6.0,97.0,95.0,2016-05-02,
2016,19,5,14789.0,0.0,102.0,4582.0,37.0,13.0,19.0,14.0,29.0,416.0,14.0,126.0,123.0,2016-05-09,
2016,20,5,16236.0,0.0,124.0,4665.0,27.0,12.0,19.0,15.0,30.0,350.0,17.0,125.0,95.0,2016-05-16,
2016,21,5,12822.0,0.0,104.0,3392.0,46.0,14.0,24.0,12.0,27.0,120.0,5.0,92.0,100.0,2016-05-23,
2016,22,5,11258.0,0.0,88.0,3159.0,44.0,13.0,16.0,11.0,25.0,78.0,10.0,76.0,78.0,2016-05-30,
2016,23,6,14733.0,1.0,160.0,4140.0,35.0,10.0,19.0,18.0,50.0,187.0,21.0,94.0,105.0,2016-06-06,
2016,24,6,14490.0,0.0,132.0,4190.0,29.0,22.0,15.0,14.0,38.0,287.0,21.0,86.0,54.0,2016-06-13,
2016,25,6,16054.0,0.0,95.0,4617.0,28.0,7.0,24.0,12.0,47.0,295.0,14.0,90.0,66.0,2016-06-20,
2016,26,6,14724.0,0.0,123.0,4168.0,30.0,8.0,20.0,15.0,51.0,362.0,21.0,118.0,49.0,2016-06-27,
2016,27,7,12121.0,0.0,87.0,3501.0,24.0,5.0,9.0,6.0,55.0,284.0,13.0,71.0,34.0,2016-07-04,
2016,28,7,12489.0,0.0,115.0,3832.0,30.0,15.0,25.0,15.0,56.0,448.0,15.0,55.0,56.0,2016-07-11,
2016,29,7,14708.0,0.0,160.0,4418.0,36.0,16.0,22.0,24.0,64.0,501.0,20.0,97.0,44.0,2016-07-18,
2016,30,7,11800.0,0.0,143.0,3538.0,23.0,22.0,24.0,15.0,44.0,452.0,19.0,109.0,45.0,2016-07-25,
2016,31,8,15396.0,0.0,141.0,4651.0,22.0,9.0,9.0,6.0,47.0,331.0,13.0,96.0,43.0,2016-08-01,
2016,32,8,16501.0,1.0,120.0,4756.0,36.0,15.0,19.0,22.0,67.0,410.0,29.0,88.0,41.0,2016-08-08,
2016,33,8,16039.0,0.0,142.0,4774.0,22.0,24.0,25.0,14.0,57.0,273.0,20.0,103.0,43.0,2016-08-15,
2016,34,8,17130.0,0.0,201.0,5109.0,26.0,44.0,27.0,9.0,59.0,316.0,43.0,113.0,53.0,2016-08-22,
2016,35,8,15552.0,2.0,146.0,4546.0,20.0,52.0,21.0,18.0,78.0,232.0,27.0,101.0,65.0,2016-08-29,
2016,36,9,13638.0,1.0,150.0,4230.0,33.0,35.0,16.0,12.0,78.0,196.0,16.0,99.0,79.0,2016-09-05,
2016,37,9,17043.0,0.0,158.0,5149.0,37.0,23.0,20.0,7.0,74.0,195.0,36.0,115.0,95.0,2016-09-12,
2016,38,9,17126.0,0.0,131.0,5167.0,29.0,26.0,31.0,11.0,81.0,236.0,28.0,121.0,85.0,2016-09-19,
2016,39,9,15114.0,0.0,200.0,4494.0,39.0,10.0,19.0,12.0,43.0,218.0,25.0,97.0,91.0,2016-09-26,
2016,40,10,14456.0,0.0,120.0,4291.0,26.0,8.0,13.0,7.0,51.0,125.0,16.0,80.0,52.0,2016-10-03,
2016,41,10,15623.0,0.0,150.0,4962.0,26.0,21.0,28.0,7.0,101.0,171.0,18.0,91.0,74.0,2016-10-10,
2016,42,10,14764.0,0.0,108.0,4413.0,38.0,15.0,14.0,14.0,109.0,182.0,24.0,88.0,74.0,2016-10-17,
2016,43,10,15259.0,0.0,145.0,4483.0,44.0,21.0,17.0,9.0,78.0,140.0,25.0,102.0,85.0,2016-10-24,
2016,44,10,14732.0,0.0,150.0,4607.0,29.0,13.0,20.0,9.0,91.0,176.0,18.0,100.0,88.0,2016-10-31,
2016,45,11,12753.0,0.0,96.0,3853.0,25.0,11.0,21.0,6.0,52.0,104.0,13.0,86.0,89.0,2016-11-07,
2016,46,11,8685.0,0.0,153.0,2408.0,33.0,8.0,17.0,12.0,70.0,72.0,8.0,76.0,73.0,2016-11-14,
2016,47,11,9693.0,0.0,82.0,3123.0,34.0,11.0,14.0,6.0,47.0,71.0,11.0,64.0,38.0,2016-11-21,
2016,48,11,15345.0,0.0,126.0,4970.0,58.0,14.0,33.0,9.0,77.0,156.0,13.0,105.0,76.0,2016-11-28,
2016,49,12,15890.0,0.0,246.0,4912.0,49.0,16.0,32.0,13.0,74.0,82.0,21.0,109.0,105.0,2016-12-05,
2016,50,12,16791.0,0.0,112.0,5091.0,49.0,8.0,36.0,13.0,66.0,97.0,13.0,110.0,79.0,2016-12-12,
2016,51,12,8998.0,0.0,121.0,2699.0,35.0,11.0,18.0,10.0,43.0,113.0,11.0,68.0,44.0,2016-12-19,
2016,52,12,7522.0,1.0,73.0,2323.0,21.0,6.0,19.0,8.0,32.0,77.0,10.0,44.0,44.0,2016-12-26,
2017,1,1,8286.0,1.0,59.0,2673.0,35.0,7.0,13.0,4.0,43.0,0.0,10.0,57.0,38.0,2017-01-02,
2017,2,1,12393.0,0.0,87.0,4092.0,39.0,7.0,23.0,9.0,41.0,0.0,11.0,85.0,50.0,2017-01-09,
2017,3,1,12149.0,0.0,80.0,3529.0,33.0,10.0,16.0,6.0,36.0,0.0,15.0,80.0,71.0,2017-01-16,
2017,4,1,16566.0,0.0,113.0,4898.0,59.0,9.0,17.0,10.0,24.0,0.0,21.0,116.0,75.0,2017-01-23,
2017,5,1,17219.0,0.0,91.0,4896.0,36.0,11.0,23.0,11.0,30.0,0.0,11.0,122.0,73.0,2017-01-30,
2017,6,2,14398.0,0.0,95.0,4215.0,50.0,12.0,11.0,9.0,35.0,0.0,7.0,90.0,57.0,2017-02-06,
2017,7,2,14804.0,0.0,100.0,5994.0,33.0,11.0,19.0,8.0,35.0,0.0,18.0,88.0,76.0,2017-02-13,
2017,8,2,13450.0,0.0,90.0,3913.0,30.0,11.0,16.0,17.0,24.0,0.0,8.0,84.0,81.0,2017-02-20,
2017,9,2,15113.0,0.0,96.0,4676.0,33.0,11.0,24.0,13.0,21.0,0.0,7.0,93.0,81.0,2017-02-27,
2017,10,3,14420.0,0.0,46.0,4254.0,32.0,13.0,22.0,8.0,18.0,0.0,8.0,93.0,87.0,2017-03-06,
2017,11,3,11612.0,0.0,54.0,3342.0,37.0,10.0,27.0,10.0,20.0,0.0,5.0,60.0,79.0,2017-03-13,
2017,12,3,15023.0,0.0,115.0,4350.0,33.0,13.0,22.0,12.0,12.0,0.0,9.0,122.0,84.0,2017-03-20,
2017,13,3,14739.0,0.0,117.0,4321.0,49.0,17.0,27.0,10.0,24.0,0.0,6.0,123.0,60.0,2017-03-27,
2017,14,4,15810.0,0.0,126.0,4831.0,39.0,12.0,27.0,14.0,28.0,0.0,8.0,110.0,75.0,2017-04-03,
2017,15,4,12684.0,0.0,80.0,3783.0,45.0,13.0,10.0,10.0,19.0,0.0,14.0,80.0,54.0,2017-04-10,
2017,16,4,15778.0,0.0,93.0,4812.0,56.0,8.0,19.0,12.0,24.0,0.0,11.0,126.0,69.0,2017-04-17,
2017,17,4,15756.0,0.0,124.0,4870.0,41.0,8.0,12.0,11.0,39.0,0.0,2.0,79.0,89.0,2017-04-24,
2017,18,5,15819.0,0.0,131.0,4631.0,48.0,22.0,22.0,13.0,37.0,0.0,14.0,111.0,92.0,2017-05-01,
2017,19,5,16370.0,0.0,96.0,4852.0,46.0,11.0,23.0,11.0,35.0,0.0,14.0,101.0,88.0,2017-05-08,
2017,20,5,14259.0,0.0,116.0,4188.0,50.0,16.0,15.0,13.0,45.0,0.0,9.0,120.0,68.0,2017-05-15,
2017,21,5,13699.0,0.0,117.0,4091.0,47.0,18.0,29.0,16.0,60.0,0.0,23.0,107.0,74.0,2017-05-22,
2017,22,5,12343.0,0.0,90.0,4001.0,38.0,7.0,11.0,4.0,64.0,0.0,19.0,87.0,55.0,2017-05-29,
2017,23,6,12187.0,0.0,111.0,3747.0,52.0,19.0,21.0,15.0,55.0,0.0,16.0,66.0,52.0,2017-06-05,
2017,24,6,15383.0,0.0,122.0,5208.0,47.0,19.0,29.0,22.0,72.0,0.0,18.0,117.0,41.0,2017-06-12,
2017,25,6,15172.0,0.0,110.0,4885.0,49.0,8.0,18.0,13.0,39.0,0.0,5.0,107.0,43.0,2017-06-19,
2017,26,6,12933.0,0.0,97.0,4310.0,39.0,14.0,10.0,7.0,50.0,0.0,18.0,103.0,33.0,2017-06-26,
2017,27,7,12812.0,0.0,81.0,4480.0,34.0,8.0,18.0,4.0,91.0,0.0,14.0,71.0,35.0,2017-07-03,
2017,28,7,14110.0,0.0,146.0,4745.0,45.0,16.0,26.0,10.0,117.0,0.0,12.0,98.0,60.0,2017-07-10,
2017,29,7,14410.0,0.0,161.0,4944.0,35.0,17.0,15.0,16.0,92.0,0.0,25.0,79.0,64.0,2017-07-17,
2017,30,7,17711.0,0.0,119.0,5975.0,35.0,14.0,14.0,10.0,111.0,0.0,18.0,115.0,39.0,2017-07-24,
2017,31,7,16803.0,0.0,103.0,5629.0,29.0,12.0,11.0,12.0,80.0,0.0,20.0,120.0,42.0,2017-07-31,
2017,32,8,18367.0,0.0,141.0,5835.0,28.0,18.0,13.0,11.0,84.0,0.0,26.0,126.0,55.0,2017-08-07,
2017,33,8,17421.0,0.0,169.0,5667.0,29.0,14.0,16.0,5.0,57.0,0.0,23.0,108.0,50.0,2017-08-14,
2017,34,8,15967.0,0.0,130.0,4974.0,34.0,18.0,12.0,9.0,77.0,0.0,35.0,115.0,47.0,2017-08-21,
2017,35,8,15529.0,0.0,150.0,4987.0,35.0,14.0,17.0,8.0,91.0,0.0,25.0,109.0,46.0,2017-08-28,
2017,36,9,8751.0,0.0,112.0,2955.0,29.0,16.0,11.0,5.0,66.0,0.0,28.0,51.0,48.0,2017-09-04,
2017,37,9,14166.0,0.0,164.0,4826.0,35.0,18.0,36.0,12.0,84.0,0.0,23.0,62.0,51.0,2017-09-11,
2017,38,9,18303.0,0.0,201.0,6088.0,28.0,17.0,14.0,8.0,107.0,0.0,17.0,151.0,101.0,2017-09-18,
2017,39,9,17587.0,0.0,151.0,5853.0,41.0,22.0,10.0,3.0,63.0,0.0,22.0,113.0,64.0,2017-09-25,
2017,40,10,17789.0,0.0,177.0,5825.0,34.0,18.0,14.0,5.0,51.0,0.0,16.0,114.0,71.0,2017-10-02,
2017,41,10,16519.0,0.0,112.0,5327.0,45.0,19.0,12.0,7.0,46.0,0.0,15.0,111.0,70.0,2017-10-09,
2017,42,10,16186.0,0.0,132.0,5565.0,37.0,20.0,6.0,8.0,74.0,0.0,20.0,100.0,67.0,2017-10-16,
2017,43,10,12924.0,0.0,159.0,4354.0,36.0,10.0,8.0,7.0,83.0,0.0,20.0,61.0,98.0,2017-10-23,
2017,44,10,16908.0,0.0,98.0,5621.0,43.0,23.0,11.0,5.0,89.0,0.0,21.0,108.0,94.0,2017-10-30,
2017,45,11,9893.0,0.0,84.0,3338.0,39.0,18.0,10.0,8.0,52.0,0.0,6.0,53.0,76.0,2017-11-06,
2017,46,11,11710.0,0.0,91.0,4005.0,40.0,22.0,10.0,16.0,62.0,0.0,7.0,66.0,100.0,2017-11-13,
2017,47,11,9044.0,0.0,67.0,2834.0,30.0,10.0,5.0,4.0,34.0,0.0,8.0,55.0,62.0,2017-11-20,
2017,48,11,15800.0,0.0,99.0,5705.0,68.0,12.0,9.0,19.0,54.0,0.0,18.0,98.0,104.0,2017-11-27,
2017,49,12,14228.0,0.0,87.0,4868.0,49.0,28.0,9.0,8.0,35.0,0.0,11.0,119.0,66.0,2017-12-04,
2017,50,12,15557.0,4.0,109.0,5226.0,38.0,21.0,10.0,10.0,23.0,0.0,7.0,111.0,84.0,2017-12-11,
2017,51,12,4452.0,0.0,67.0,1483.0,44.0,17.0,5.0,3.0,12.0,0.0,8.0,29.0,57.0,2017-12-18,
2017,52,12,4935.0,0.0,42.0,1568.0,22.0,10.0,2.0,3.0,11.0,0.0,12.0,20.0,26.0,2017-12-25,
2018,1,1,3741.0,0.0,43.0,1520.0,34.0,19.0,8.0,5.0,16.0,0.0,7.0,15.0,51.0,2018-01-01,
2018,2,1,9071.0,0.0,48.0,3210.0,56.0,20.0,1.0,6.0,23.0,0.0,4.0,52.0,51.0,2018-01-08,
2018,3,1,9176.0,0.0,90.0,2902.0,67.0,19.0,9.0,5.0,22.0,0.0,11.0,40.0,63.0,2018-01-15,
2018,4,1,11525.0,0.0,79.0,3623.0,49.0,23.0,11.0,15.0,21.0,0.0,12.0,68.0,61.0,2018-01-22,
2018,5,1,14952.0,0.0,100.0,4739.0,57.0,22.0,10.0,8.0,28.0,0.0,15.0,105.0,60.0,2018-01-29,
2018,6,2,14435.0,0.0,88.0,4454.0,35.0,20.0,20.0,14.0,25.0,0.0,7.0,89.0,76.0,2018-02-05,
2018,7,2,13423.0,0.0,72.0,4002.0,50.0,24.0,15.0,4.0,25.0,0.0,7.0,99.0,68.0,2018-02-12,
2018,8,2,13881.0,0.0,66.0,4358.0,31.0,17.0,8.0,12.0,14.0,0.0,2.0,90.0,56.0,2018-02-19,
2018,9,2,15229.0,0.0,89.0,4498.0,45.0,31.0,14.0,10.0,30.0,0.0,10.0,93.0,71.0,2018-02-26,
2018,10,3,10804.0,0.0,78.0,3202.0,51.0,30.0,7.0,7.0,21.0,0.0,4.0,82.0,49.0,2018-03-05,
2018,11,3,16152.0,0.0,102.0,4667.0,51.0,41.0,11.0,18.0,37.0,0.0,4.0,96.0,56.0,2018-03-12,
2018,12,3,13821.0,0.0,123.0,4399.0,71.0,40.0,19.0,19.0,32.0,0.0,7.0,111.0,64.0,2018-03-19,
2018,13,3,12158.0,0.0,80.0,3588.0,39.0,52.0,8.0,7.0,18.0,0.0,1.0,67.0,67.0,2018-03-26,
2018,14,4,14268.0,0.0,106.0,4339.0,64.0,50.0,13.0,5.0,17.0,0.0,6.0,103.0,63.0,2018-04-02,
2018,15,4,15402.0,0.0,66.0,4781.0,63.0,47.0,14.0,9.0,22.0,0.0,4.0,98.0,65.0,2018-04-09,
2018,16,4,13094.0,0.0,88.0,3802.0,36.0,57.0,8.0,17.0,15.0,0.0,7.0,87.0,56.0,2018-04-16,
2018,17,4,13263.0,0.0,107.0,3977.0,45.0,81.0,4.0,10.0,19.0,0.0,9.0,73.0,67.0,2018-04-23,
2018,18,4,16466.0,0.0,75.0,4941.0,36.0,59.0,7.0,9.0,35.0,0.0,7.0,80.0,63.0,2018-04-30,
2018,19,5,13395.0,0.0,114.0,3920.0,50.0,75.0,20.0,16.0,28.0,0.0,20.0,87.0,88.0,2018-05-07,
2018,20,5,14462.0,0.0,124.0,4571.0,58.0,71.0,13.0,13.0,30.0,0.0,10.0,92.0,71.0,2018-05-14,
2018,21,5,11941.0,0.0,103.0,3951.0,41.0,53.0,7.0,11.0,22.0,0.0,10.0,78.0,68.0,2018-05-21,
2018,22,5,11105.0,0.0,123.0,3719.0,54.0,84.0,5.0,10.0,40.0,0.0,14.0,58.0,52.0,2018-05-28,
2018,23,6,14508.0,0.0,110.0,4676.0,41.0,82.0,6.0,10.0,62.0,0.0,15.0,110.0,98.0,2018-06-04,
2018,24,6,12982.0,0.0,122.0,4048.0,45.0,84.0,15.0,12.0,104.0,0.0,17.0,51.0,55.0,2018-06-11,
2018,25,6,15240.0,0.0,103.0,5068.0,28.0,70.0,10.0,10.0,103.0,0.0,16.0,110.0,45.0,2018-06-18,
2018,26,6,14696.0,0.0,128.0,4834.0,55.0,112.0,7.0,15.0,27.0,0.0,17.0,107.0,60.0,2018-06-25,
2018,27,7,11705.0,0.0,112.0,3768.0,36.0,79.0,4.0,6.0,79.0,0.0,4.0,59.0,43.0,2018-07-02,
2018,28,7,14021.0,0.0,127.0,4665.0,27.0,36.0,6.0,12.0,143.0,0.0,9.0,112.0,60.0,2018-07-09,
2018,29,7,13048.0,0.0,128.0,4307.0,31.0,114.0,4.0,7.0,88.0,0.0,11.0,102.0,47.0,2018-07-16,
2018,30,7,13732.0,0.0,119.0,4551.0,37.0,57.0,12.0,6.0,48.0,0.0,10.0,87.0,38.0,2018-07-23,
2018,31,7,14069.0,0.0,143.0,4592.0,36.0,109.0,14.0,9.0,81.0,0.0,9.0,76.0,61.0,2018-07-30,
2018,32,8,13363.0,0.0,157.0,4091.0,27.0,118.0,14.0,8.0,130.0,0.0,19.0,80.0,44.0,2018-08-06,
2018,33,8,19086.0,0.0,135.0,6233.0,32.0,100.0,14.0,13.0,118.0,0.0,17.0,115.0,44.0,2018-08-13,
2018,34,8,15607.0,0.0,169.0,5022.0,36.0,147.0,21.0,6.0,114.0,0.0,17.0,101.0,60.0,2018-08-20,
2018,35,8,14767.0,0.0,134.0,4889.0,27.0,124.0,13.0,11.0,121.0,0.0,17.0,94.0,27.0,2018-08-27,
2018,36,9,13102.0,0.0,130.0,4436.0,28.0,128.0,19.0,7.0,143.0,0.0,11.0,70.0,51.0,2018-09-03,
2018,37,9,15063.0,0.0,171.0,5212.0,48.0,156.0,13.0,4.0,104.0,0.0,9.0,98.0,71.0,2018-09-10,
2018,38,9,12136.0,0.0,153.0,4193.0,39.0,69.0,10.0,6.0,84.0,0.0,9.0,73.0,51.0,2018-09-17,
2018,39,9,15309.0,0.0,143.0,5037.0,37.0,175.0,13.0,12.0,110.0,0.0,10.0,111.0,60.0,2018-09-24,
2018,40,10,11523.0,0.0,124.0,3769.0,35.0,156.0,13.0,11.0,145.0,0.0,11.0,61.0,41.0,2018-10-01,
2018,41,10,15408.0,0.0,126.0,5178.0,38.0,185.0,13.0,8.0,155.0,0.0,8.0,93.0,46.0,2018-10-08,
2018,42,10,14428.0,0.0,107.0,4720.0,27.0,134.0,11.0,5.0,148.0,0.0,8.0,126.0,85.0,2018-10-15,
2018,43,10,12829.0,0.0,118.0,4229.0,48.0,160.0,13.0,4.0,112.0,0.0,7.0,112.0,90.0,2018-10-22,
2018,44,10,15715.0,0.0,133.0,4948.0,42.0,206.0,12.0,7.0,105.0,0.0,14.0,120.0,81.0,2018-10-29,
2018,45,11,13314.0,0.0,103.0,4219.0,32.0,139.0,8.0,6.0,47.0,0.0,8.0,112.0,58.0,2018-11-05,
2018,46,11,12621.0,0.0,81.0,4280.0,37.0,182.0,9.0,9.0,81.0,0.0,4.0,76.0,88.0,2018-11-12,
2018,47,11,12013.0,0.0,101.0,4040.0,47.0,213.0,13.0,8.0,87.0,0.0,5.0,75.0,78.0,2018-11-19,
2018,48,11,11406.0,0.0,121.0,3800.0,57.0,245.0,18.0,9.0,94.0,0.0,6.0,77.0,68.0,2018-11-26,
2018,49,12,14555.0,0.0,108.0,4918.0,41.0,301.0,12.0,12.0,72.0,0.0,8.0,100.0,78.0,2018-12-03,
2018,50,12,14540.0,0.0,93.0,4634.0,43.0,235.0,11.0,11.0,53.0,0.0,9.0,111.0,72.0,2018-12-10,
2018,51,12,4879.0,0.0,89.0,1525.0,26.0,145.0,6.0,7.0,35.0,0.0,8.0,24.0,95.0,2018-12-17,
2018,52,12,3793.0,0.0,46.0,1337.0,25.0,74.0,3.0,2.0,12.0,0.0,2.0,28.0,95.0,2018-12-24,
2018,1,12,0.0,0.0,0.0,0.0,0.0,0.0,0.0,0.0,0.0,0.0,0.0,0.0,0.0,2018-12-31,4.0
2019,1,1,5084.0,0.0,65.0,1735.0,42.0,123.0,2.0,2.0,26.0,0.0,0.0,24.0,23.0,2019-01-07,
2019,2,1,10452.0,0.0,73.0,3392.0,65.0,220.0,6.0,3.0,32.0,0.0,3.0,48.0,57.0,2019-01-14,
2019,3,1,11217.0,0.0,64.0,3423.0,43.0,200.0,4.0,7.0,43.0,0.0,10.0,51.0,51.0,2019-01-21,
2019,4,1,9511.0,0.0,111.0,2695.0,45.0,176.0,16.0,11.0,34.0,0.0,10.0,50.0,70.0,2019-01-28,
2019,5,2,11250.0,0.0,100.0,3288.0,37.0,190.0,15.0,4.0,23.0,0.0,8.0,57.0,44.0,2019-02-04,
2019,6,2,10801.0,0.0,88.0,3288.0,4.0,179.0,13.0,3.0,30.0,0.0,12.0,48.0,51.0,2019-02-11,
2019,7,2,10121.0,0.0,87.0,3120.0,60.0,186.0,10.0,2.0,27.0,0.0,8.0,56.0,52.0,2019-02-18,
2019,8,2,9809.0,0.0,112.0,3005.0,48.0,209.0,10.0,8.0,29.0,0.0,3.0,58.0,43.0,2019-02-25,
2019,9,3,11124.0,0.0,65.0,3216.0,69.0,180.0,13.0,2.0,40.0,0.0,4.0,58.0,62.0,2019-03-04,
2019,10,3,9594.0,0.0,85.0,2684.0,53.0,164.0,11.0,2.0,20.0,0.0,6.0,53.0,88.0,2019-03-11,
2019,11,3,9577.0,0.0,83.0,2937.0,60.0,217.0,26.0,6.0,13.0,0.0,9.0,57.0,59.0,2019-03-18,
2019,12,3,10470.0,0.0,95.0,3186.0,4.0,146.0,18.0,9.0,17.0,0.0,9.0,52.0,63.0,2019-03-25,
2019,13,4,11054.0,0.0,91.0,3153.0,6.0,190.0,10.0,1.0,16.0,0.0,3.0,51.0,49.0,2019-04-01,
2019,14,4,11493.0,0.0,83.0,3420.0,54.0,137.0,11.0,1.0,28.0,0.0,9.0,53.0,78.0,2019-04-08,
2019,15,4,9459.0,0.0,84.0,2900.0,43.0,131.0,12.0,5.0,28.0,0.0,5.0,73.0,47.0,2019-04-15,
2019,16,4,11129.0,0.0,117.0,3274.0,57.0,149.0,5.0,0.0,33.0,0.0,5.0,64.0,56.0,2019-04-22,
2019,17,4,12711.0,0.0,121.0,3808.0,47.0,192.0,26.0,33.0,41.0,0.0,6.0,67.0,64.0,2019-04-29,
2019,18,5,11859.0,1.0,72.0,3431.0,45.0,142.0,53.0,31.0,23.0,0.0,10.0,55.0,75.0,2019-05-06,
2019,19,5,11962.0,1.0,83.0,3563.0,39.0,131.0,15.0,7.0,16.0,0.0,6.0,73.0,49.0,2019-05-13,
2019,20,5,12953.0,0.0,88.0,3862.0,59.0,147.0,12.0,8.0,41.0,0.0,6.0,75.0,74.0,2019-05-20,
2019,21,5,10668.0,1.0,102.0,3276.0,40.0,200.0,35.0,31.0,38.0,0.0,9.0,84.0,69.0,2019-05-27,
2019,22,6,9287.0,1.0,100.0,2985.0,60.0,155.0,18.0,23.0,54.0,0.0,15.0,32.0,70.0,2019-06-03,
2019,23,6,10963.0,0.0,78.0,3422.0,46.0,138.0,28.0,12.0,52.0,0.0,5.0,81.0,58.0,2019-06-10,
2019,24,6,10968.0,1.0,193.0,3441.0,73.0,175.0,5.0,11.0,81.0,0.0,6.0,58.0,61.0,2019-06-17,
2019,25,6,11933.0,0.0,134.0,3740.0,62.0,157.0,12.0,19.0,91.0,0.0,7.0,58.0,40.0,2019-06-24,
2019,26,7,11380.0,0.0,135.0,3567.0,59.0,131.0,21.0,5.0,104.0,0.0,16.0,46.0,60.0,2019-07-01,
2019,27,7,8144.0,0.0,105.0,2668.0,33.0,110.0,13.0,11.0,109.0,0.0,10.0,33.0,48.0,2019-07-08,
2019,28,7,11584.0,0.0,97.0,3919.0,42.0,142.0,22.0,14.0,179.0,0.0,18.0,69.0,82.0,2019-07-15,
2019,29,7,13243.0,0.0,135.0,4246.0,52.0,165.0,12.0,16.0,78.0,0.0,22.0,55.0,56.0,2019-07-22,
2019,30,7,11861.0,0.0,126.0,3797.0,49.0,131.0,14.0,13.0,66.0,0.0,18.0,56.0,51.0,2019-07-29,
2019,31,8,12492.0,0.0,133.0,4219.0,34.0,162.0,12.0,13.0,94.0,0.0,10.0,65.0,66.0,2019-08-05,
2019,32,8,9994.0,3.0,141.0,3485.0,33.0,122.0,13.0,12.0,99.0,0.0,17.0,53.0,49.0,2019-08-12,
2019,33,8,13085.0,6.0,179.0,4368.0,45.0,154.0,8.0,6.0,65.0,0.0,25.0,59.0,57.0,2019-08-19,
2019,34,8,10547.0,4.0,162.0,3497.0,40.0,166.0,30.0,20.0,80.0,0.0,24.0,86.0,64.0,2019-08-26,
2019,35,9,12019.0,7.0,136.0,3909.0,22.0,101.0,11.0,10.0,76.0,0.0,12.0,53.0,74.0,2019-09-02,
2019,36,9,9026.0,7.0,128.0,3127.0,37.0,128.0,17.0,24.0,101.0,0.0,24.0,63.0,85.0,2019-09-09,
2019,37,9,11483.0,16.0,150.0,4023.0,41.0,177.0,21.0,20.0,106.0,0.0,22.0,62.0,89.0,2019-09-16,
2019,38,9,12340.0,11.0,151.0,4207.0,35.0,100.0,28.0,16.0,98.0,0.0,29.0,76.0,74.0,2019-09-23,
2019,39,9,10595.0,4.0,152.0,3557.0,41.0,110.0,14.0,16.0,57.0,0.0,8.0,84.0,60.0,2019-09-30,
2019,40,10,11288.0,2.0,108.0,3786.0,42.0,79.0,12.0,10.0,51.0,0.0,18.0,79.0,97.0,2019-10-07,
2019,41,10,11481.0,11.0,134.0,3912.0,33.0,65.0,9.0,9.0,53.0,0.0,12.0,78.0,65.0,2019-10-14,
2019,42,10,10380.0,11.0,109.0,3475.0,18.0,91.0,3.0,11.0,62.0,0.0,8.0,51.0,36.0,2019-10-21,
2019,43,10,11851.0,2.0,92.0,4027.0,42.0,83.0,9.0,6.0,48.0,0.0,8.0,46.0,28.0,2019-10-28,
2019,44,11,10735.0,9.0,125.0,3467.0,44.0,83.0,12.0,15.0,54.0,0.0,9.0,81.0,53.0,2019-11-04,
2019,45,11,11842.0,1.0,136.0,4315.0,43.0,66.0,6.0,12.0,37.0,0.0,4.0,96.0,28.0,2019-11-11,
2019,46,11,10024.0,4.0,30.0,3472.0,30.0,43.0,9.0,7.0,30.0,0.0,4.0,68.0,34.0,2019-11-18,
2019,47,11,12886.0,3.0,69.0,4423.0,52.0,53.0,13.0,7.0,58.0,0.0,10.0,90.0,49.0,2019-11-25,
2019,48,12,8274.0,0.0,78.0,2769.0,44.0,47.0,9.0,8.0,66.0,0.0,7.0,48.0,36.0,2019-12-02,
2019,49,12,11586.0,4.0,107.0,4089.0,56.0,56.0,17.0,8.0,45.0,0.0,8.0,63.0,73.0,2019-12-09,
2019,50,12,11836.0,4.0,77.0,4147.0,75.0,44.0,14.0,11.0,39.0,0.0,7.0,89.0,58.0,2019-12-16,
2019,51,12,9997.0,2.0,78.0,3357.0,36.0,56.0,4.0,10.0,32.0,0.0,8.0,83.0,74.0,2019-12-23,
2019,52,12,3419.0,0.0,42.0,1169.0,19.0,89.0,33.0,28.0,60.0,0.0,11.0,22.0,69.0,2019-12-30,
